,username,vote,review,rating
0,飞侠式拼搏,10667,申公豹：“姜子牙，你保护世界，我保护你。”,3
1,熊太行,4250,"《姜子牙》真是个无聊的片子。和哪吒相比，大叔和小狐狸精的组合毫无观众缘，两年来第一次在电影院里睡着。
别跟我提特效，我看的就是IMAX ，多数时间，主角都在和红光打斗。
申公豹不结巴了，变得极其乏味，你看他死的时候知道导演在煽你，但你一点都不想哭。 
看在四不像的面子上给个二星吧。
同样看冰天雪地，我真不如去看一集熊出没。。。。",2
2,朝暮雪,10127,"制片人：你的新剧本是讲什么的？
编剧：故事发生在美国，州长叫黑帮老大去杀人，他来“剿匪”，事成之后让他做市长。
黑帮老大照做了，结果州长不仅没让他做市长，还把他抓了起来。
黑帮和百姓你争我斗，死伤惨重。
州长制造犯罪，再来制止犯罪，立了大功。
州长命令男主枪毙黑帮老大，男主一旦开枪，州长就会宣布这场犯罪是男主发起的，怕事情败露所以杀黑帮老大灭口。
结果男主没有开枪，还查出了州长的秘密，还要扳倒州长。
这一切都被总统看在眼里，他利用男主除掉了州长，利用完男主就把他打入大牢。
原来，叫黑帮老大去杀人其实是总统的主意，州长只不过是服从命令。
续集我都想好了，男主越狱了，准备曝光总统，最后差点就要成功，但还是失败了。
制片人：把男主改为姜子牙，州长改为师尊，黑帮老大改为九尾妖狐，总统改为师祖，改好了发给我。",3
3,LING,5911,画面美，剧情。。。,3
4,偷蜂蜜的女孩,9801,可能如果你抱着《哪吒》的心态去看姜子牙要失望了，姜子牙的格局要大至少两个梯度，包含苍生与个人、人与神的关系、宿命论等等哲学命题的探讨。相比哪吒没有那么的亲民，也没有那么强的娱乐性。全场基本没有笑点，唯一的笑点反而是最后的彩蛋。姜子牙不是很适合小孩去看，准确的说是一部哲理性的成人动画。,4
5,Master Shifu,4893,画面不错，剧情牵强,3
6,.,3064,我再说一遍，画面再好都是虚的，能撑起一部电影的内涵最重要的绝不是特效，而是故事内涵和剧情。各位对国漫真是太宽容了，这么多年依旧如此,2
7,Vivienne,3840,谁能想到子牙变耶稣，从此人间无神仙，中国有上帝呢？,3
8,螢燈嫁昼,8575,听导演专访本片是删减后的次成品，想阐释的主题是神需被贬入凡间以人的视角经历苍生，才能明白苍生。此片本质上已是成人动画，甚至有点暗黑恐怖元素。剧本确实与主题撕裂，不知道是否是时长阉割妥协于资本排片的缘故，有种商业与文艺片之间强行掺杂的模糊感！但片中那些对生灵与普罗大众的悲悯情节着实升华了此片的立意！,4
9,溺死的鱼,5466,可以说很惊喜了，没想到用封神的壳拍了一部公路片，更没想到在无比闹腾的哪吒之后，可以拍出一部这么有反叛性的姜子牙。个体与苍生的对立，个人与体制的对抗，系统对人性的束缚，这样的主题在现有的文艺作品中都不算多见，以一部动画电影来呈现就显得更加珍贵。叙事和世界观构建上都有可以更完善的空间，但也能在合格完成任务的同时带来惊喜。当然，和哪吒相比，搞笑的成分少了不少，不知道会不会因此影响票房成绩，但对我个人来说，这部姜子牙是中国动画在大圣和哪吒之后的又一次惊喜进步。,4
10,我不用豆瓣,3066,很多‘点’解释不清  高级RPG/PPT,3
11,陆上阳桥,1819,槽点多的不知道该从何吐起：跑步动作尬的霹爆、姜子牙配音神似敖丙还很违和、女主长得酷似李元芳、你敢说玄鸟出场那段没借鉴十年前的阿凡达？动画不行就全靠炫酷场景撑场面、一言不合就升格眼睛大特写、阴谋论的故事最后草草收尾不了了之、人物形象完全没塑造明白、开头几分钟历史片段做的不如很多动画专业的毕设。最最最无语的是全片最好的笑点看点和唯一的3D效果分别出现在两个彩蛋里，讽刺的是在是过分了。,3
12,把噗,4064,在资本与审查的双重夹攻下，中国电影走向颓势不可避免。“国产动画”的异军突起，俨然成为当下中国电影产业最值得分析的现象。它在乱象丛生、资本横流的商业电影夹缝中保留下一份相对纯粹的手工质感和作者特色，将传统文化汇入现代语境，完成极富中国特色的影像文本。,4
13,阿德,3997,首先，这不是又一部哪吒，也没有必要再做一次哪吒，国漫需要更多的可能性。其次，这部作品基本是国产动画工业化水准的集中体现，1600人团队4年时间打磨，画面、视效、中国元素都没得说。最后，故事设定过于简单带来的问题就是节奏感不强，这估计会成为冲着哪吒来看的用户带大槽点，因为只有彩蛋会让你high。ps：补上映后交流李炜导演的话，“这是我想拍的姜子牙，努力呈现给大家了。”（大致意思）,4
14,朝阳区陆依萍,2390,"三星半吧～整体可以看作姜子牙的中年危机，一次对信仰，对体制，对自我的全面怀疑。主题核心的确比《哪吒》高出好几个段位，元始天尊与九尾的关系设置的确是加分点，部分有点让我联想到《倩女幽魂人间道》里朝廷命臣都是行尸走肉的空壳，而且最后斩天梯让我想起如懿断发中的反叛。但整体观感又让我觉得好憋屈啊！成年人的反叛怎么那么难呢，上有老下有小，左还有师兄，顾及太多，但能怎么办呢？谁叫你是成年人呢！",4
15,认真的泰罗,2184,既然是全新的故事和设定那就不要披封神演义的皮啊。,2
16,知名废柴,1709,事实就是，中国人对中国人的电影的要求又高，宽容度又低，至少低于外国烂片。,2
17,巴伐利亞酒神,1421,不知为啥那么多差评，这不终于有了一部拥有普世价值观的电影了吗？不救一人，怎救苍生？你们在国产片中可曾见到这种“拯救大兵瑞恩”式的价值导向？我希望越来越多的人能看这部电影！牺牲小我，成就大我的腐朽，滚犊子去吧！,4
18,陆伍伍叁,1170,一个画面：姜子牙披散着头发，身后金黄色的圣光，以为看到的是耶稣。,4
19,agfox,1150,披着东方神话外衣的美式动漫,3
20,卷卷桑,892,故事的感觉就跟天梯一样，长且又无聊。行看了imax，画面get到了。内容一言难尽。,3
21,佛戾,2749,不喜欢就是不喜欢，觉得幼稚就是觉得幼稚，中二狗血剧情，小学生编剧水平，画面特效也就一般吧……,1
22,Wait Tomorrow,1170,国漫，我还是更喜欢大鱼海棠的画风。我是说在剧情一样烂的情况下。无语热评——作为动漫你还想要什么剧情？？拜托，剧情优秀的动漫比比皆是。我国的《魔方大厦》《黑猫警长》乃至一直被误会是儿童动画的《葫芦娃》，国外的《红辣椒》《千与千寻》《玛丽与马克思……真把动画动漫当儿童向作品了？？现在国漫的最需要的绝对不是学美国的技术，还是学日本的画风，而是向自己国家的前辈学学怎么讲故事,2
23,小爱,6701,比《哪吒》成熟度高很多，平衡得也更好。天朝终于有了一部高级的3D动画电影了。,5
24,我爱吃味精,543,这咋姜子牙变耶稣了,3
25,转身 旧欢如梦,1833,编剧能先上完学再来写剧本吗？还有，上学的时候，努力把语文成绩搞好一点啊。,1
26,？者,1077,还在这我命由我不由天呢？,2
27,乌鸦火堂,3737,4.5星，一人不救何以救苍生？原著中出场最多但最没有存在感的姜子牙，变成了隐忍且执念的魅力大叔，与其说是对故事和人设的颠覆，倒不如说是对原著的解构，姜尚封神后的定位，封神榜里为什么没有九尾狐等等问题都有了答案。如山海经一样的世界观个人是超爱啊，玄鸟异兽与魑魅魍魉共存的北海古战场，是东方古典文化神韵与妖异魔幻的融合，艺术指导加分！四不相太萌，还有一个前所未见的申公豹。最终一战热血激昂，猛男落泪。PS，严肃题材，适合8岁以上观众，彩蛋爽死！,5
28,三十六大5633966,1193,"好，剧本觉得像看了一出特别熟悉的香港警匪片，两个卧底(榜样师兄姜子牙落下神坛 晚辈申公豹心存热血)一场大型扫黑除恶(诛九尾)后，黑帮老大(九尾)逃脱，功臣被问责职(顶包背黑锅)，一次意外小型小偷抓捕案件重遇当年大案涉及人物，跟黑帮老大正面接触知晓隐情(公安上司(师尊)串通买断黑帮老大做替死鬼假借扫黑作秀掌权)当面质问，害死线人兄弟(四不相)“要天下再无不公”联合廉政公署(静虚宫上级师祖)搞翻领导，扣问心中正义(如果我们是做警察的，为天下苍生，牺牲一个救全部，那正义如何衡量)
结尾同门师弟(申公豹)他对正义的探寻才刚开始。

彩蛋[深海]挺好的。",5
29,Organic Gear,1109,绚烂 美好，不再是哪吒的低幼感，姜子牙讲了一个有深度的故事。从规则中走出来，从秩序中走出来，“成为自己的神”。国漫百尺竿头更进一步，工业化在路上。（一人血书二维部分出短片！,5
30,方枪枪,1093,很燃，很惊喜，宏大的世界观，天马行空的想象力，最后付诸精彩的视觉特效，几场大战更是精彩纷呈，无论里子还是面子都很不错。当然，最意外的还是故事，内核其实关于寻找，姜子牙和苏妲己两位萍水相逢的路人，机缘巧合下携手上路，一个在找寻真相，一个在找寻身份。无论是救一人还是救苍生的发问，再到从封神到质疑神，再打碎神，无处不彰显着对权威的反抗，这弥足珍贵，也能看出主创们的用心良苦。从《大圣归来》到《哪吒》再到《姜子牙》，感慨中国动画人在国漫道路上的努力与薪火相传，立足于中国传统文化，不断与时俱进与创新，好的国漫自然会被观众认可！,4
31,Andrew,694,燃度或许不及《哪吒》，但对于 “满嘴以大局为重实际上却利用权力和谎言操控众人为己谋私的上位者” 的反抗立意倒是和 “将父权反派形象安放到一心只想完成族人伟大复兴的龙族身上” 的《哪吒》一脉相承。“不救一人何以救苍生” 也分明是在对牺牲个体式的集体主义进行质疑。彩条屋够黑啊(误。不过申公豹在《哪吒》里面是个脸色苍白身板瘦削的反派大爷，在这里忽然变成一个为成全主角牺牲自我的勇猛壮年傻大个是怎么回事？以及姜子牙的配音和神态塑造实在伤春悲秋多愁善感得一点都不像被贬谪了十年的大叔。,4
32,小满,1197,太尴尬了，尴尬到我如坐针毡昏昏欲睡。无论你画面再这么精致作为商业电影的首要内核是把故事讲好吧。可是导演并不具备如此能力，其实本身是一个可以有很多发展空间，有很多精彩内核的剧本，无奈导演可能太年轻了，想要表达的东西太多了，一箩筐全倒在观众面前，观众根本不知道该把注意力放在哪个点上，情感是断裂的，节奏更是惨不忍睹，有点英雄主义悲天悯人的内核被拍成了一个看起来非常狗血甚至有点畸恋的故事…姜子牙本身是一个身负天下大义的悲壮英雄人物，被拍成了一个优柔寡断且脑子有泡的中二文艺青年…无数的闪回旁白更是打断了叙事节奏，几乎每部电影都会哭的我这次没有任何情绪，甚至有点搞笑，煽情的片段都搞不起我的情绪，台词念的我尴尬症都犯了。看完旁边的观众都说看不懂，我理解，本来就没拍好。彩蛋拍得都比电影好看，至少人物有血有肉,2
33,徐若风,801,品质基本持平《哪吒》，部分段落甚至来得更加惊艳。除了动作场面精进了一大步，更重要的是人物情感与故事线索非常深刻，以当代的价值观对经典文本进行重塑，一次有力的颠覆。封神之战的战后世界，不但没有变好，反而变得荒凉。在废墟背后，则隐藏着令人毛骨悚然的“沉默的真相”。姜子牙的遭遇其实带着一股悲情色彩，但他的选择却是理想主义的。对所谓“天道”的发问和斩断天梯的行动，都是对权威系统的质疑与破坏——我们是要听信他人给出的真相，还是相信真相本身？这个主题能以这样的方式讲出来，外加顶级的制作，即便放在今年全球动画的范围中比，都能排到最前列。,4
34,言之命至刘在石,736,神作。如无意外，是我今年TOP1国产片。哪吒已经足够好了，我很难想象姜子牙竟然还能思想成熟到这种地步！各方面都没短板，美术与运镜登峰造极，场景每一帧都可当壁纸，音效震撼，配乐渲染配合炉火纯青的节奏掌控，将我的情绪逐步调动到最高点。文戏与武戏均衡，视觉大场面完全值得IMAX3D效果！文戏议题深刻，世界观极其宏大，非纯娱乐的动画，是严肃的剧情片，不像哪吒那般粗暴直接。关于贪婪、怨念、歧视、公正，探讨自我肯定、个体与体制的抗争，以及拯救一人还是苍生的矛盾，有意无意加入了些许zz隐喻。整体剧情是渐进式的冒险，有罗生门式的悬念支撑，在递进中，姜子牙从信仰神，到怀疑神，再到成为自己的神，每个人物包括反派都是立体，充满观念上的思辨，娱乐深度兼具相辅相成，煽情自然，结尾落泪了…彩蛋梦幻联动，期待封神宇宙～！,5
35,同志亦凡人中文站,434,故事有硬伤，但另起炉灶的原创精神可嘉。感觉彩条屋是在用大闹天宫的精神拍封神宇宙啊！不过彩蛋我好像看到了两个申公豹…,4
36,shoon,0,重塑封神是个好主意，可惜引子太老套，主题宏大而无趣。,3
37,陆支羽,293,1.相比混不吝的《哪吒》，《姜子牙》选了另一条更难走、却更有意义的路；至少让我惊讶的是，它竟能够在思想层面抵达这样的深度。2.如果说哪吒的执念是“我命由我不由天”，那么姜子牙的夙愿就是“愿这世间再无不公”；不同于原著中仙风道骨的姜太公，这里的姜子牙则展现出隐忍执著的珍贵品性，无论是“不救一人何以救苍生”的内心呼喊，还是“从封神到破神”层层递进的转变，都让我们相信这是一个有血有肉的、敢于抵抗权威的真英雄。这样的神话故事新编，无疑非常符合中国传统文化的精神内核。3.感慨于国产动画人的薪火相传，制作技术上日臻成熟，故事深度上更倾注心血。回想影片中，以骨片风铃祭奠亡魂那一幕给我的触动，足以与当年的《寻梦环游记》相媲美。4.据说元始天尊被罚的结局是后加的，像是为了证明他就是个单纯的反派，讽刺意味十足。,5
38,frozenmoon,408,相对于简单的故事，传递价值的感受很明显。那些高高在上的人总以一种宏大的观念和说辞掩盖自己真实的目的，姜子牙在打破这个神话。救眼前一人，而不是用所谓苍生泯灭具体个人，这样的观念是很可贵的。,4
39,千山,1368,台词永远都这么恶心，国产剧能不能请个好编剧好好学学什么三观、什么叫思想、什么叫语言艺术,1
40,scrolllock,463,技术画面没得说，故事相比于哪吒更成人更宏大，但没那么好笑和生活化。反正我觉得国庆档能讲这么一个故事，挺厉害的。天尊的控制欲和自以为是的对黎民百姓的保护，不觉得细思极恐吗？,5
41,豆友194528873,1026,尴尬到用脚趾抠地，不煽情能死吗,1
42,西楼尘,289,挂骨风铃引渡亡魂，宿命红锁绑定元神。是信小九说她不是狐妖，或信九尾说你身在迷局，难道信师尊说诛杀九尾可拯救苍生？若想救苍生，才明白信很容易，不信才难。若想成神，才懂得斩恶很容易，斩善才难。是否要为苍生牺牲眼前人，是否要为封神断绝善恶。反倒羡慕初踏天梯的自己，一心救苍生，无知一切。,3
43,壹安²,500,万万没想到国漫拍出一部“反黑廉政”故事，冤魂、天梯、宿命锁、除妖封神、牺牲一人救“苍生”、这是我对苍生最好的安排…你试着带入到那个体系里，细思极恐吓一跳！创作者太敢表达了！姜子牙强迫症这个小设定太爱了，太公对正义的坚持，小小小细节里就渗透出来。,4
44,天马星,313,相比《哪吒》，《姜子牙》的制作更加精良，成熟流畅的叙事之外还饱含情感，亡魂归家、四不相之死与申公豹的牺牲，甚至是苏妲己被阿父强送入宫，都是彰显人文关怀打动人心的泪点。而救一人还是救众生，这一发问将生死、家土、轮回等先民文化串联起来，那些还未被儒家君君臣臣三纲五常等糟粕所污染的普世精神在姜子牙这一道家人物身上完成了回归，而这恐怕是被丛林法则所浸染的当代社会最需要的东西。,5
45,王食欲,723,我有好多疑惑。但最大的疑惑还是纣王的人设。他看起来像个gay里gay气的时尚教主，但他却很执着一段异性恋爱情。,2
46,神仙鱼,232,反抗力度比预期强一些，认真劲儿也比预期强一些（对比哪吒），或许也是正式上映前一直掩着的原因之一。技术层面一般但也有几个让人震颤的场面。开场的“杀杀杀”、被贬后众口“败类”、被一句“转世”蒙蔽，将神（政）、人（民）、自己批判一圈，尽管多少是流于表面。高潮戏的一处语焉不详，联系尾声引师祖出场，对于打破枷锁的力量还是保持着清醒；而更深一层可能是道高一丈的秩序仍在，也可能是希望只能向不切实际的更高处望寻。就电影来说，能成为告慰怨魂的骨片风铃就且算是不错的功绩了，因为现实中连让风铃响起的风都吹不起来。,3
47,亵渎电影,537,中国动画电影在东方式的美学和类型套路上都已经有清晰的模版了，动画技术也已经很棒了，但就是编剧和导演一直都在拖后腿，每次有新片上映，都是死在烂故事和烂分镜上。看完《姜子牙》，又体会到导演对于一部电影成败的重要性，电影真的是导演的艺术，更加觉得饺子导演的镜头设计和写剧本上的天赋。天赋这东西可能靠老天赏饭，动画导演们实在不行，还可以学《大圣归来》的导演田晓鹏，去扒好莱坞动画电影的分镜设计啊，照扒总该会吧？《姜子牙》的问题是剧本整体的节奏出了问题，让故事显得拖沓，姜子牙和小九两个人物之间的关系也没有建立起来，让姜子牙最后的爆发变成了强行开挂。其实片子的主题很好，可惜还是死在了编剧讲故事的技巧和导演的分镜头设计上，期待封神宇宙可以更好。,2
48,嘟嘟熊之父,560,本性纯良的姜子牙，在全片近两小时的左右互搏百爪挠心后，终于进化成了更加纯良的姜子牙。除此之外，他的身份还有：一名导游、一株墙头草和一尊没有头脑徒有热血的反叛者雕像。师尊立场的模糊和狐妖身世的单薄让全片意图探讨的宏大议题仅剩骨架。关卡设置的目的性太过明显，反转的桥段全部化作水到渠成，逻辑的顺拐与人物被命运吞噬的无力感背道而驰。仅凭泛滥和花哨的动作场面，救不了这部电影。《哪吒》是四两拨千斤，《姜子牙》是徒有其表败絮其中。,2
49,二十二岛主,197,二刷之后发现了一些第一遍没看成的细节，才能真正理解导演想要表达的大义，创作团队的确用心了。姜子牙在结局真的胜利了吗，只是这份胜利只是暂时的，我当然如此希望，只是他换得了苍生一时的太平，却换不了一世，这为这一场胜利蒙上了几分落寞与悲壮的色彩。或者这就是一场梦，师尊的力量其实一直没有正面展示过，也许所有反抗他的人已经被杀掉，导演只是用一种想象的方式来弥补了那些“不可说”的遗憾，更何况最后我们才知道，在师尊之上原来还有另一种力量。这两天可以看到，《姜子牙》确实引发了比《哪吒》更为深刻且偏行业向的讨论，因为它决定了接下来中国动漫到底应该怎么走。《哪吒》娱乐性强老少咸宜，但仍被很多人批评插科打诨，而这次《姜子牙》则勇敢地进行作者性的表达，这是一种大胆的尝试，也是中国动漫一定要走出的那一步。,4
50,思路乐,279,【C】又杂又乱，还无聊。能看出主创团队想突破由《哪吒》所确定的立意上限，可是在立意上走了和《白蛇》一样的老毛病，想说的太多，却什么都没说清，最后就是这么个「高不成低不就」的作品。无论是人物还是情节都浮夸而生硬，影片前三分之二的剧情基本是在用最华丽的美术去包装最无聊的意境，角色间的互动与转变沦为了真正意义上的“儿戏”。至于动作戏更是拉胯，我不知道到底是经费问题还是导演自身水准不足，亦或是两者都有，动作各种掉帧，分镜各种凌乱，无法形成连贯的运动体系。这方面可以说完完全全被饺子导演吊打（《哪吒》就是现在娱乐性协调的最好的中国动画电影）。最后只能说，《深海》那个贴片预告比《姜子牙》全片都好看！,3
51,西西里的朗读者,583,"现在国产电影能先把剧情逻辑捋顺吗？最后一分钟整出一个师尊的师傅这个角色出场还能再儿戏一点吗？而且师尊你封神力的效果咋还这么不稳定呢？
435",2
52,寒枝雀静,182,Ｂ/ 看上去如《妙先生》一般粗糙的剧作框架居然被渐渐化解了。最核心的力量完全来自“封神”之战的正统历史所塑造/所遗弃的庞大废墟地景与渺小人物穿梭其间的张力——他们的目光、步履乃至触碰的双手都既沉重又轻盈。比《哪吒》更惊艳的视觉化概念则同样凝聚于红色上：从红布的记忆碎片，到男性统治权规定的“姻缘”之欲，到最终以反叛性决断瓦解天梯的闪光。姜子牙成为无法被神、人、妖区分所界定所吞噬的幸存者，也正是这种力量不断扰乱着那种“封神”的统治性叙述。有趣的是，在真实历史改编的作品中，我们只看到对这种史观的拥护与加固；而在虚幻的神话中，我们反而看到时间不断被重新开启的可能。,4
53,谋杀游戏机,214,跟《哪吒》完全不是一个风格。《哪吒》是比较偏合家欢喜剧的类型，《姜子牙》更深沉厚重；《哪吒》讲一个孩子的叛逆反抗，《姜子牙》讲一个中年男人的负重和对苍生的悲悯，“不救一人，如何救苍生”。可能《哪吒》更容易讨普通观众、尤其是亲子观众的喜欢，但《姜子牙》从创作角度来说同样珍贵。两部电影的导演风格有明显区别：饺子不是学动画出身，剧本里有很多有意思的小梗，而《姜子牙》导演是一个小团队，里面有学院派前辈，有海归派高手，有很强的工业水准和团队协作能力。《姜子牙》最突出的是视觉风格，画面细节很精致，动作分镜极快，很多角色和戏份还很邪魅暗黑风。比如天梯那个大仰角的场景设计，师尊的形象，九尾的人设和打斗戏，姜子牙“觉醒”的段落，都很喜欢。分级应该是PG-13。片尾有三个彩蛋，非常期待《深海》。,4
54,#ㅠ#,144,姜子牙变身以后磨皮效果不伦不类，七十的老头肌肤欺霜赛雪吹弹可破，可以去代言手机了：柔光自拍，照亮你的美。这个柔光效果简直就是对这部电影的隐喻：故事里的一切都是假的，都是为想象中的观众设定的。所以才会有那么多次强行催泪。最后一刻出现的鸿钧老祖，更是使得故事再入“皇帝是好的，只是被奸臣蒙蔽”的俗套。,3
55,时间之葬,241,比想象中更好，在我眼中也比《哪吒》更好。制作上应该是迄今为止国产动画的最高水准，文戏有旷达悠远之美，武戏有气吞山河之势。更让我中意的还是背后承载的主题，这才是真正的“我命由我不由天”啊，从质疑所谓“天道”，到质问所谓“神的旨意”，斩断最后一根宿命锁（指的是天梯）的姜子牙，真正拥有了一个自由的灵魂，也有了“救一人便是救世界”的胸怀。最后的彩蛋更是让人期待，彩条屋的神话宇宙这是真的要捏合成形了。,5
56,灵灵,567,脸大如盆敢和哪吒联动，难看死了，还一群小孩子旁边吵闹，好烦,1
57,空灵赌徒,451,和想象不一样 但画面设定还是非常值得鼓励的  塑造了一个忧郁的姜子牙 这是前所未见的 也不再是以往简单的冒险 而像是一场关于内心信念的考验 是选择相信权威还是坚持自己,4
58,欢乐分裂,144,"虽属「封神宇宙」，但与哪吒的高燃欢闹有较大不同，减少低幼段子的存在无疑是明智之选；表达野心更大，诉求更多，格局也更恢宏，画风华丽壮美，多处场景值得称道。

不过也有些许线索延续接连，即对天命与威权的忤逆反叛，面对大众与个体的两难困境选择，以及最后揭开真相时天庭之上的云山雾罩，多重复杂主题在最后处理时仍显避重就轻。

相比哪吒的意气风发，姜子牙是一个犹疑的自我质疑者，三上天梯，挥泪斩人/神宿命锁，最终苦炼体悟是选择成为一个有温度的人，情感的天平偏向一个个有血有肉的个体。",4
59,突突秃,222,不值得我在本可以睡懒觉的十一上午起大早去看 剧情太弱 画面我也看不出个所以然 中间的很多笑点有点不合时宜,3
60,哪托三大子,541,就这就这就这？？？强行装逼最为膈应。顶着哪吒的热度和精心剪的预告片，能骗一波好票房。原以为能看到国产动漫之光和封神宇宙的建立。是我想多了。这幼稚的剧情和经不起推敲的逻辑以及苍白的台词，尴尬到坐不住，看在三十八票价。就坐着看吧，主要是时间正好有，也好久没进影院了，以后看电影还真的看评分八点五之上以及自己喜欢的演员了。提前四十分钟离场，看了半小时已经开始玩手机，学了一节外国文学史ppt走的,1
61,大聪看电影,168,"《姜子牙》视觉呈现有惊艳到我，难以想象这是国产动漫，格局做得很恢弘，颜色搭配相当高级美轮美奂，动作设计场面也很好结合动画天马行空的特点，玩了很多真实场景所不能呈现的唯美和极致。
影片让观众跟随姜子牙和小九一起探索未知的战后废墟世界，从而挖出隐秘的真相，姜子牙在“中年危机”中也找到了自我。
在主题上，《姜子牙》更为叛逆和突破，甚至去玩了哲学思辨的回旋，在神话传统的定命论中做了解构和颠覆，在“神管人，神灭妖”天经地义的神话定律上，做了大胆的改编，个人还是非常乐见和喜欢的，中国动漫正在一步一个脚印踏实走出自己的路子，希望能越来越好！",4
62,西帕克,125,彩条屋依然是国漫顶级水准。姜子牙的角色可以看出少见但很中国式的苦行僧的形象。他人到中年，开始怀疑自己的目标与存在，将自己与外部隔绝开来，甚至有些自毁倾向，但同时也充满怜悯与温情，在少年向和燃向为主的国漫作品中，独树一帜。他面对的敌人，也不是简单的恶，而是一个由权力编织的谎言深渊。救一人可以等于救苍生，这样的人本精神，在如此集体主义的国庆档中，更显另类和难得。,4
63,魂,322,想了半天真的给不到两星。不是无下限，就是基本功不行。看得出立意高，但人物实在是过于扁平，情节编织非常笨拙，毫无戏剧张力，情感深度不够。公路部分两角色的关系变化很莫名其妙，看得出想炒很虐的cp，但真的打动不到我。如果哪吒是钢铁侠1，姜子牙要和无敌浩克一样被遗忘了,1
64,顿河,79,不大适合儿童，幽默的点做的也远不如哪吒。但喜欢这部还多过一点哪吒，哪吒没了削骨还父，做了一个混世魔王熊孩子，最后还是顺从。姜子牙虽然必须得到师祖帮忙，到底还是反抗了师尊安排下的一切，他命由我不由天，救下眼前人。赶脚这个宇宙不太好统一啊。,4
65,后自愈,99,完程度和内核表达一点也不输《哪吒》，几场大战气势颇为磅礴和鬼魅。延续了哪吒的反传统英雄的人物塑造，哪吒是叛逆反骨，姜子牙边缘人的对抗，没有了年少轻狂，是不卑不亢的坚守，对权威挑战。姜子牙从始至终是孤独的，为了寻找自我与真相，可以与天下苍生对立。最能打动我的一点是，看多了把“牺牲小我成全大我”当歌颂的电影后，我们终于有了这样一部真正有人文精神的电影，这或许才是真正值得珍惜的进步。,4
66,无耻不混蛋,127,如果说《哪吒》让我惊艳，那么《姜子牙》则让我惊喜！区别于迪士尼、皮克斯，完全延续了自《大圣归来》《哪吒》开创的国漫独有的动画大片模式，依旧是奇幻+动作，也依旧是国漫体系下独有的视觉奇观。古代神话与动漫美轮美奂的视觉无缝接合，幽灵山、归墟、玄鸟……美的令人眩目。“不救一人，怎么救苍生？”如果说哪吒反叛的是人命，那么，这一次姜子牙反叛的则是天命，也就是说，在中国独有的哲学命题上、世界观上，其实姜子牙挖的更深走的更远也更宏大。哪吒反叛性只是体现在“人命不可操控”上，而姜子牙的反叛性则体现在“无论是人命，还是神命、妖命，皆不可操控”！也因此，姜子牙其实是个更具悲剧性的人物，表面看起来也更为暗黑，也因此最后的归墟大战以及对天尊的反叛，才来的更为热血，更加让人兴奋。,4
67,严荼,88,"统治者的三板斧
【宿命锁】把欺骗操纵和不公，涂抹成成功幸福和正义的模样，向九尾兜售成功，向妲己许诺幸福，向姜子牙传授正义
【归墟】宗教领袖和统治者口中凡人的唯一救赎，是下辈子会更好的大饼
【封神榜】斩断善念牺牲个体的大局观是一个管理者必备的境界和觉悟

你一定从开始就猜到九尾怀中的孩子是妲己，你以为她天赋异禀身份反转能够挣脱宿命枷锁变成主角，可惜不是；姜子牙讲得就是这样残忍的故事：别做梦了，你就是一个被牺牲掉的历史代价，你不重要

世俗的封神榜所载皆王侯英烈，不会有人追念一个被牺牲掉的无名氏，就算她后来变成了赫赫的妲己，这名声也无法诠释当天殒命花轿的姑娘的人生；遑论那些战死沙场的小卒

经过今年初这魔幻的世界，我们没有谁可以笃信自己不会成为那个代价；这时如果站出来一个姜子牙他还愿意在意你呢？",5
68,恰帕斯东风电台,45,在新世纪第二十年用动画重拍了一遍芙蓉镇，姜子牙斩断天梯/宿命锁后的太平想象与前者“过过老百姓的日子，别老想着和老百姓过不去”的教诲如出一辙。可除掉狐妖，斩断天梯，真的就太平了吗？屡屡吃二遍苦，受二茬罪又是为何？姜子牙的答案是，政治官僚操纵。然而，斩断天梯，究竟指向一种完全去政治化的过日子，把正义交给新的代理人，还是真正的去精英化的大众民主，依靠自发性的探索？神建造天梯，又是神斩断天梯，可是人呢，到头来仍是神的子民。这是姜子牙令人失望的地方，但问题本身已经触及新的高度,4
69,郭连凯,65,就像导演所说，不要抱着《哪吒2》的心态去看《姜子牙》，作为几乎同时立项的两个项目，《姜子牙》和《哪吒》是完全不同风格的两个作品，《姜子牙》相对深邃，也更具思考意义，更偏向于严肃作品。这么来看的话，《姜子牙》确实可以称得上是今年全球范围内最好的几部动画长片之一了（当然也是在疫情肆虐，皮克斯的《Soul》迟迟不上映的情形下），姜子牙vs天尊的“自下而上”的故事确实可以挖掘出不少值得琢磨的价值观，再加之绚丽的画风和扎实的技术，观众稍微调整下预期，这依旧是一部足够优秀的国产动画作品。,4
70,[已注销],544,我很想感动，但我真不知道你们到底在演什么。,2
71,HarperDie,389,几部国产动画电影票房大胜后，一些早已存在的问题终于在这部影片中回落井喷。插科打诨式的台词并不适用于每部影片，剧情本身的孱弱就是根本性毁灭，再好的画面也无法掩盖，视觉调度的设置是否真的匹配电影这个体裁亟待商榷。唯一个可以肯定的是，姜子牙和四不象的形象设定还是很出色的，在衍生品市场大有钱途。,2
72,水木丁,79,看了姜子牙，想到周星驰的好，他真是轻灵。没有拯救苍生的执念，从来不想成为谁的神。,2
73,Starry_小肆,0,很失望，比大圣归来还难看。动画做成公路片就像看人玩游戏一样，着实无聊。,2
74,陀螺凡达可,142,没有像哪吒那样刻意插科打诨，动画技术和美术水准也始终在线，而且能看到一些稍有灵光的瞬间。但超负荷的视觉设计在最初的惊艳后只剩下疲倦，导演分镜技巧似乎更适合网游宣传片而不是电影，剧作的确狗屁不通，角色是重灾区，而且创作团队只是在烂俗的好莱坞反叛套路里面加入了一堆空洞的概念和口号，三界，众生，都只是徒有其表。到头来还是处在有钱有技术，但电影创作基本功一塌糊涂的阶段，因此再怎么有野心有想法也显得无力。,2
75,玥玲,78,让我看到了摩西开海，创世纪，耶稣的影子。师尊的上面还有更厉害的人……,4
76,朝阳区妻夫木聪,139,画面更精美，制作感觉也烧了钱，但是总觉得花这么大精力只是讲了个“电车难题”的故事有点高射炮打蚊子，舍一人救苍生，宿命锁这些都勉强可以看成是对哪吒“逆天改命”叙事的变奏体。其实我更感兴趣的是，姜子牙作为“体制内”的游离者/出逃者，以一己之力对抗权力的故事，当然感觉这方面没法说太细，所以也只能隔靴搔痒点到为止。怎么说呢，就觉得片子的主题所有力气全都放在最终大战的那几句喊口号上了，结果呢，姜子牙跟师尊还是都受了罚，姜子牙觉得打碎天梯就可以改变不公，师尊以为统领三界就能够隐瞒真相，殊不知，一山更比一山高，big brother is watching you……所以这么看的话，这或许是部职场戏？,3
77,氺鸌囀,337,一顿乱吼，各种光效闪瞎眼，导演功力不足，一个好的故事内核难落俗套，小九的人物塑造不成功，专业卖惨有一套，申公豹估计是个师徒恋，姜子牙恋女情节，上演旷世神仙三角恋，太赞了！,2
78,伊谢尔伦的风,87,男妈妈！是男妈妈！！！！,5
79,Peter Cat,168,《哪吒》对三幕结构尊重，扎扎实实做人物，清清楚楚表达主旨和价值观，都树立工业典范。结果《姜子牙》这个狗屁不通故事和人物一夜回到解放前，完全就是一个眼高手低、空洞无物的文本，连各种人物基本动机和关系都想不明白，还要强行拔高去和三界政治的稀泥。视听是很好，技术好审美也好，但脑子不好。也可以说，姜子牙这个人物和我们个体意识形态接受史很相似，没有贯通逻辑，官方一套，墙外一套，支离破碎炖在一起，最后就是一个连人都做不好还想拗圣母造型的工具人。,2
80,哪吒男,246,神话凡尔赛,2
81,凌羽灵,306,因为我心爱的吒儿而来，然后看到吐血……剧情很烂，极其浓烈的欧美风的酒馆，欧美风的造型，还有浓浓欧美风的建筑风格，还来个布娃娃，还有纽扣，让我死吧，还各种强行煽情，不知道怎么说……多给一星是因为当美术片看还可以，其他就算了,2
82,DNOFIN DOWN,143,首先这不是一部《哪吒之魔童降世》全年龄受众、亲子观众喜欢的电影，大家观影前要调整好预期。这部《姜子牙》创造了国产动画电影制作上的新高度，水准之高、帧帧瞠目。从剧作上讲，其实是一部成熟的类型电影，只是采用动画形式表达。虽然有四不相小萌宠，也有笑点担当，但整个观影过程会很深沉很投入。很欣慰光线彩条屋“中国神话系列”第二部作品有这样出色的呈现，希望取得15亿以上的票房。,5
83,[已注销],347,就是电车难题啊………,1
84,驭宴,295,剧情内核太烂了,1
85,seamouse,117,比《信条》还看不懂的狗屁神仙逻辑。创作者似乎想借传说中空白的封神(后)宇宙，去思辨神的存在与神的权利，去乱七八糟的在狐族人族仙界(到底几个界)的跳跃中迷失。虚空的故事全靠一些垂直礼花似的快手效果撑满电影时间。唯一的0.5分给片尾彩蛋，好好丰满姜子牙性格，跟着《哪吒》的好基础，把他好好写成强迫症多好。,1
86,Farewell,263,早上8:25冲进电影院，花了两个小时促进全球气候变暖。成熟的美术幼儿园级别的剧情，想要观众共情可不是通过人物的大喊大叫来实现。真希望那句“疫情让中国电影行业倒退30年”是真的......封神IP下埋着的是文化宝藏，而不是国人的钱。,2
87,悲情胡三万,135,脑洞很大，创意很赞，视听效果是真牛逼，但也就喧宾夺主了，故事本就不出彩，剧本节奏有点紊乱，主旨一脉延承了新兴神话宇宙的套路，所以开头就猜到，意外的大惊喜亮点是结尾的绝地天通。plus，整体风格基调太阴暗了，把我周围的小朋友都吓到了，我一个成年人也看得不大舒服……,5
88,桃桃林林,49,开场的几分钟还是很厉害的，之后的发展稍微有些乏味。整体看还是一部小文艺片的路数。更强调表达和传递世界观，不过传递的方式还是差了一些。,3
89,德卡的羊,115,60/100，大概只有美术设计是亮点了，如果仔细看人物建模，还挺崩的。每一场动作戏的分镜和编排都是混乱的，几乎快要看不清。像这样经由大量剧作套路整合而成的故事，自然不会有什么大差错，但上限也不会高。另外这个还要解读成政治隐喻也是大可不必。算不上难看，最终结果也就是普通的行货。,3
90,文刀大土申,50,国产动画的工业化水准，制作精良，不少画面称之为绝美也不为过。在我个人预期之内，这就是我喜欢的姜子牙的形象，一个秉持着不救一人怎救苍生的英雄，孤独，执着，理想主义，为天下苍生的公平正义敢直面挑战师尊权威的英雄。全片更为震撼的就是对奇观的呈现，从开头斩妖台的场面，到玄鸟引渡亡魂，再到结尾姜子牙一披白发封神登天并砸断天梯的画面，都足以让我叹为观止。,4
91,恶魔的步调,18,看这开场画风，想必是张旺粉丝。最后大家都说创世纪那段，不就是灰袍变白袍吗，最后桥也确实断了，虽然前后顺序不一样。,4
92,寻鹑上,174,"前十分钟看的我以为我在看预告片。
通篇的炫技感太重了，而且镜头衔接好差啊，这个导演真的有点问题。姜子牙申公豹的CP我真的吃不下。
姜子牙还是帅的，但一说话我就出戏。
四不像可可爱爱，它死的时候我才发现那个饼有馅！
这场有个小朋友真的很努力的在读字幕上他认识的字，家长劝都劝不住。",2
93,圆首的秘书,56,我所佩服的是，全片没有两句连着的台词是真正连着的，这不是剧本不行，是语文不行,2
94,路人Eita,57,在视觉上几乎无可指摘了，也觉得同一内核的叙事方式走到了尽头。大圣的故事动人，在于他第一次重新喊出了“我要这天再遮不住我眼”。到了哪吒，再喊“我命由我不由天”，已经是黔驴技穷（但我不喜欢哪吒并不只在于重复）。等到了姜子牙，仍旧是冲破枷锁。我们一贯喜欢宏大的叙事，这来自于我们的民族性。但曾经所有传奇中的角色，本应各有各鲜活的个性，分别有着各自的悲喜。如今却都被抹杀了差异化，他们只讲一个故事，只有一个执念，从不动摇，亦不成长。这才是弊病所在啊。,3
95,lemon,213,动画制作再精良剧情不过关也是白费，get不到导演想对观众表达啥，第一次给一星,1
96,抹茶先生,189,两份全给画面，特效，为什么非要加一些奇奇怪怪的感情线？,2
97,不懂电影,103,豆瓣影评人不要再吹了，别扯什么主题高度不高度，能不能回归本真，探讨故事好伐？只谈高大上主题不谈电影本身，不就是皇帝的新衣？——所谓“看不出来这种高大上主题的观众都是没看懂。”的言论真TM烦。……吐槽完评论，吐槽一下电影，大场面疯狂乱堆，预算唰唰地燃烧，结果人物扁平，故事简单，情感空洞？相比较哪吒那简陋中透露出来的用心，姜子牙简直就是金玉其表，败絮其里。我很担心之前努力过的国漫作者们最后换来的仍然是资本介入后的“国漫”泡沫——用越来越多的钱却越拍越忘本。,2
98,木卫二,23,最致命问题，不在闯过一个又一个中国各大影视公司片头LOGO招牌制作现场的副本，也不是姜子牙以喊口号开挂战斗，毫无团队配合理念。他的反抗，最终请来了又一个师父。我确信有不少人真被那些口号打动，可是有更多扣分项目。你最先看到的3D效果是字幕，而不是片头LOGO。正如你看到姜子牙在红色夕阳海边奔跑，手不晃心不跳呼吸不乱。正如片尾彩蛋，最终起到了让你更快忘记原故事的作用——或者本来也无关故事只有口号。有人说，看个片子开开心嘛，不要在意这些细节，问题是已经崛起的中国动画，不是更应该在意细节嘛。动画可是彻底从无到有，纯粹到不能再精密的一项工作。再说了，这个害我在残念姜子牙到底要走多少步天梯的悬浮故事，真有让你开心到么……或者只是，别人替你做了个深度思考状。,2
99,柯里昂,67,两星半。实际上还是我命由我不由天那套命题，但拍得更加保守，徒有华丽画面主线剧情一路泄气就算了，欠观众一场正面刚师尊的高潮戏就算了（所以砍断天梯后一笔带过交代对师尊的惩罚是创作者在害怕/影射/自我审查后的退而求其次？），最不能忍的是雪地里走路竟然没脚印……作为动画这种细节太减分了，十年前的单机都不会做得这么敷衍。,3
100,文刀大土申,50,国产动画的工业化水准，制作精良，不少画面称之为绝美也不为过。在我个人预期之内，这就是我喜欢的姜子牙的形象，一个秉持着不救一人怎救苍生的英雄，孤独，执着，理想主义，为天下苍生的公平正义敢直面挑战师尊权威的英雄。全片更为震撼的就是对奇观的呈现，从开头斩妖台的场面，到玄鸟引渡亡魂，再到结尾姜子牙一披白发封神登天并砸断天梯的画面，都足以让我叹为观止。,4
101,晚不安,49,为没有刻板印象笑料而叫好，但写到人物关系递进的戏还是露怯，流向某种模板式的滑腻，情感太不自然——这似乎是国产动画剧作上的顽疾。仍是价值观之争，从哪吒的“我命由我不由天”到姜子牙的“这是什么天道”，一出白袍巫师的觉醒之路清晰铺开。前者是离经叛道惯了，在长期的不理解中爆发；后者则更为勇敢，在体制内选择自我放逐。善，只是一点星火，而漫长的十年悟道，是一个更惨烈的理想主义破灭的过程，令他痛下决裂之心。然而整起揭露可龃龉之处太多，最无可奈何是结尾借最权威之手拨乱反正——天外有天，人如棋子，逆天改命只是善意的谎言。,3
102,恶魔的步调,18,看这开场画风，想必是张旺粉丝。最后大家都说创世纪那段，不就是灰袍变白袍吗，最后桥也确实断了，虽然前后顺序不一样。,4
103,黑狗成,27,内容大部分记忆点都还是很多老片类似桥段玩过的，本片最大贡献，让部分观众知道所谓观影团跟片中的天庭是一回事。,4
104,不懂电影,103,豆瓣影评人不要再吹了，别扯什么主题高度不高度，能不能回归本真，探讨故事好伐？只谈高大上主题不谈电影本身，不就是皇帝的新衣？——所谓“看不出来这种高大上主题的观众都是没看懂。”的言论真TM烦。……吐槽完评论，吐槽一下电影，大场面疯狂乱堆，预算唰唰地燃烧，结果人物扁平，故事简单，情感空洞？相比较哪吒那简陋中透露出来的用心，姜子牙简直就是金玉其表，败絮其里。我很担心之前努力过的国漫作者们最后换来的仍然是资本介入后的“国漫”泡沫——用越来越多的钱却越拍越忘本。,2
105,＃巽＃,32,比哪吒好太多了啊。“屌丝”视角，父慈子孝，丑小鸭变天鹅结构的哪吒口碑票房双赢；相比之下精英视角，人道主义，逆天抗命的姜子牙则不尽如人意，这一明一暗的对比也形成了对当下最好的隐喻。开局的2D动画最漂亮（全片保持这个画风我会考虑五星），结局弱，太多语焉不详大而化之，“师父的师父的师父”这种你爸爸的爸爸的爸爸的思路也很…hemmmmm。剧作套路过多，但文本核心我买账的。打戏漂亮。最喜欢的几个点：醒来的亡魂追随骨铃而走；九尾狐以头抢地撞开狐族囚笼；被锁链束缚仍然冲天一怒的狐族亡灵。最喜欢九尾狐，像一团燃烧的愤怒的疯狂的熊熊烈火，我想象中，这样的气质应该出现在哪吒身上。而不是那个流着鼻涕横行乡里的黑眼圈和神仙打架殃及凡人的锥子脸。,4
106,纪恩同学,37,一个细节细思极恐：天尊说苏妲己要去归墟转世以后才能摆脱宿命锁，于是姜子牙他们都带着她去了。结果如果不是后来九尾狐来了砸开了归墟，苏妲己不就是跟其他狐族一样囚禁其中了吗？所以苏妲己进去之前问姜子牙神仙不骗人吧，姜子牙答我不骗你，最后其实隐射了天尊那些神在欺骗愚弄所有人和妖？,5
107,木卫二,23,最致命问题，不在闯过一个又一个中国各大影视公司片头LOGO招牌制作现场的副本，也不是姜子牙以喊口号开挂战斗，毫无团队配合理念。他的反抗，最终请来了又一个师父。我确信有不少人真被那些口号打动，可是有更多扣分项目。你最先看到的3D效果是字幕，而不是片头LOGO。正如你看到姜子牙在红色夕阳海边奔跑，手不晃心不跳呼吸不乱。正如片尾彩蛋，最终起到了让你更快忘记原故事的作用——或者本来也无关故事只有口号。有人说，看个片子开开心嘛，不要在意这些细节，问题是已经崛起的中国动画，不是更应该在意细节嘛。动画可是彻底从无到有，纯粹到不能再精密的一项工作。再说了，这个害我在残念姜子牙到底要走多少步天梯的悬浮故事，真有让你开心到么……或者只是，别人替你做了个深度思考状。,2
108,连城易脆,25,在豆瓣标记的第1900部电影赶上了一战封神的姜子牙。对我而言，本片是一部画面胜过故事的电影，再加上3D，所以激光IMAX是呈现本片的最佳打开方式，在视觉特效、美术设计、动作指导等方面都有较高的完成度。而故事层面很多人在讨论传达的个人主义价值观，并同家乡的集体主义构成对比。我反而更加主义的是导演拿小九作为苍生的代言人，我觉得不是太成立，拯救苍生是本片的slogan，然而全片不见苍生只见小九，从逻辑上来说我觉得不是很通顺。另外元始天尊利用九尾狐精的重要情节也几乎用旁白在讲，且讲得也不算很清楚。虽然套着封神演义的外壳，然而完全是原创的故事，因为电影一开始封神榜都已经结束了，申公豹也不再是死敌反而舍己为人了。相当于是封神演义后传。,3
109,免費,81,邦德在执行任务中发现M隐瞒了很多真相，但M说要成为最好的特工就要服从命令并分清主次，邦德认为要遵从内心去救助每一个眼前人…后来M以及六处被首相处罚，邦德荣升爵士；CIA联合塔利班一起对抗苏联，苏联从阿富汗撤军之后，塔利班没有得到美国的承认反而被美国打压，塔利班一手制造了9.11惨剧，奥巴马说了句“皆为苍生，随即斩首本拉登，然后又说“这是最好的安排”！,5
110,吃醋要放很多面,163,特效很棒，剧情很烂。,2
111,巴塞电影,32,"期待了这么久的《姜子牙》终于来了，姜子牙本可以成为众神之长，但是为了心中的善念、为了寻找一个真相，甘愿到凡界，放弃神位。他面对的是众生和一人的道德困境，他选择了做自己的神。虽然同属于封神宇宙，这部片子和《哪吒》不一样，这是一个平民英雄，甚至是能让一个普通社畜有共鸣的故事。

以深度来说，《姜子牙》比《哪吒》的主题更深，是成人向的作品，它用公路片的形式，让主角一路找到真相，也找到真正的自己。而国漫真的想要崛起，就需要不同的故事，这样的探索，很有价值，证明国漫是真的在进步。

而制作层面，《姜子牙》要比《哪吒》还要成熟，进步了很多。各种法术招式、奇幻生物，这部片子给中国的玄幻，真正做出了一个好的外壳，视觉效果非常棒，开头段落二维动画史无前例，很有冲击力。《姜子牙》的视觉，可以说是目前国漫的新高。",4
112,基闹,69,无端的悲悯，无因的博爱，无果的殉道，唐三藏后就再没见过这么假大空的角色了。,1
113,路西法尔,29,这部电影存在的意义就是不断地展示作者的脑洞。申公豹为姜子牙开天梯，姜子牙说会这样你的修行就白费了，但是这个flag回收了吗？没有，随后申公豹这个角色直接没了。这样有始无终的flag太多了。一个又一个奇观场景才是串联起影片的内在动力，至于情绪啊、逻辑啊，这些东西能吃吗？,2
114,不良生,38,最耀目的昆仑弟子，最巅峰时刻堕入黑暗；最历经磨难的无辜女孩，最能识别久违的善良；最惨烈孤独的旅途，最是写着生命真谛的答案；最破败不堪的废墟，最能找到重新拯救小我与大我的真相。总说“国漫的崛起”是任重道远的美丽梦想，至少这些年，大圣、哪吒、白蛇、姜子牙……他们的出现一直让我们看见倔强的微光。在平凡人的人生里，这些中国民间神话人物角色，曾让我们内心深处翻涌起渴望，明白活出自我英雄主义也是一种力量。,5
115,mumudancing,32,季冠霖的配音可以封神了,4
116,扭腰客,16,技术的积累，并不能掩盖思想的荒芜。国漫崛起和华为手机一样，“洋装依然穿在身，你芯也依然不是中国芯”，都是自撸自摸的假高潮。道阻且长，要继续向张艺兴学习啊，努力努力再努力！,2
117,凹凸,53,"3D制作水准绝了，穿过星河的玄鸟、四不相的湮灭、芦苇苍茫的归墟……都美得摄人心魄。但最惊艳的还是开场两分钟回顾封神大战的2D动画，完全没看够。
同样是对二元善恶价值观的破局，“英雄该救苍生还是救眼前之人”的道德选择，其实不如“我命由我不由天”来得普世，但以一己之力与公权力对垒的故事比《哪吒》更为恢弘和悲壮。
姜子牙申公豹CP好磕到哭！莫名被戳中！",4
118,第七大陸,241,"人妖神，在其内里没有什么不同，逃脱不了贪嗔痴的本性，即使是天上的神仙，说为苍生，谁人无那一些私心？人物与哪吒有着很大不同，姜子牙处在正道，并坚信自己的正道，可这正是这样的坚信不疑，让他在北海想了10年还是想不明白自己的错处。
哪有什么善恶之分，不过是上层人制定的标准。所以他打破天梯，让神远离人，愿上层人的权利与欲望远离人间，愿人间不再有冤魂，不再有人为制造的苦难。
其实说白了，哪吒之后，好像封神宇宙都要逆天改命，哪吒其实有“依靠”，从始至终的人物弧光都是凭着一口气，从忍到放；而姜子牙则选择了更难的方式，没有依靠，全靠自己。
不要被哪吒的“燃”捆住了手脚，姜子牙无疑在这一点上的想法让人惊喜。",4
119,小k516,54,剧情有点俗套，转折感觉有点生硬，但是在冤魂听到骨风铃声音的时候还挺感动的，另外姜sir的声音真是太太太适合不食人间烟火的神仙的声音了吧，还心疼季大的嗓子，总体还挺好的😄,4
120,风间隼,23,前半段是动画版《出租车司机》，后半段是封神版《半泽直树》。如果说《哪吒》是油腻巨婴逆天改命，《姜子牙》就是大叔通过正名“狐狸精”为前半生功业找回正义基准点。故事和设定都够扎实，是孩子和成人都能观赏的电影。至于“救一人就是救苍生”的中二病发作拼个“绝地天通”之后，世界真的会变得更好吗？我觉得这才是影片给出的最大神话。但不论如何，中国动画对于严肃题材的思考已经远远走在了真人电影的前面，加上绚丽壮美的画面，在深度和表现力方面其实已经不输日本动画。,4
121,女神的秋裤,24,完成度比《哪吒》好很多，画面精美，3D效果很棒，但故事简陋。救1人还是救5人的电车难题，由于姜子牙过于思虑，格局小到只见儿女情长，不见所谓苍生。剧情简单，造成感情表达像无病呻吟，极端的浪漫和至善显得矫揉造作。崩在“啃老”，而且啃的是西方神话的内核，中国古典故事的创造力毫无长进，只限于角色和画面。,3
122,#水泥#,33,我最好奇的是，《姜子牙》和《哪吒之魔童降世》在时间线上谁先谁后，申公豹在这中间经历了什么。怎么哪吒里的猥琐大叔，在这里竟然是傲娇炸毛熊受呢？,5
123,有心打扰,20,破除封建迷信，从此庇佑在党的光辉下。,4
124,Enlightening,20,虽然没有了哪吒中的各种刻板印象和无趣笑料，但《姜子牙》仍然显得乏力不堪，影片中动机最明确的人物只有狐妖，编剧甚至不屑于对姜子牙和小九进行真正意义上的人物研究，这也使观众和主要人物之间的共情几乎没有可能完成，四不相死去时的凄美配乐也只能让人感到尴尬。对dictator和genocide的隐喻让人振奋，但当它说出“师父的师父是师尊”时，我苦苦盼着下一句是“师尊的师父是苍生”，结果它竟然说天上还有个师祖，这让影片好不容易迸发出来的政治批判性瞬间变得苍白无力；如果说师尊象征着可见的权力，那么宣称为苍生斩除权力之恶的姜子牙仍被那只看不见的手操控着，所谓的底层立场和个体反叛最终仍是对科层制合法性的默认。中国动画还有很长的路要走，并且和其它电影一样，这条路上的障碍从不仅仅是技术落后或缺乏有创意的编导。,3
125,王俊俊,56,"幼稚，青涩，空洞，虚浮，无叙事技巧，无节奏。
动画制作和美术不错。",2
126,哈尼路亚,137,剧情也太一言难尽了，失望,2
127,Mi,98,九尾戏太少，剧本烂，动画也一般，强行3d不可。,2
128,托尼·王大拿,20,FBI特工卷入国际阴谋，幕后黑手竟是美国总统这种套路已经很烂俗了咯；而美术上的设计也只能说是看得过眼，几乎谈不上风格化以及由风格化带来的对剧作本身的加成亦或弥补。,2
129,已汪销,37,《子牙仍未知道那年夏天师尊做了什么》,3
130,文森特,28,没有封神宇宙，没有诸神之战，有的是姜子牙一战封神之后的奥德赛。一战封神是片头2D简略交待，之后是漫长乏味的流放之旅。内心的信念与外在的牵引交织，孰正孰邪，一人与苍生，孰轻孰重。貌似有着宏大的主题，但是宏大用更宏大化解就撑不住了，或者说崩了，一边想接地气，一边更虚无缥缈，完全够不着了。片子视觉效果确实不错，精细但不至于震撼。全片都比较阴郁、压抑、慢节奏，从人物内心到画面效果，有些设计还有些诡异，所以不建议带孩子看。,3
131,YQY-Vader,18,开场有被唬到，整体比《哪吒》好，比《哪吒》对原著进行更加大刀阔斧的改动，人妖神被重新定义，与现实联系，这种改动又非儿戏似的，而是严肃认真的，并实施在细节上的：天神群像的铁面与狐妖破碎的假面。看到快结束的时候，我在想难道国产动画电影和国产真人电影是两套不同的审查体系吗？以《夺冠》为代表的真人电影在表达个人体制对抗时总是频频受阻，而动画电影可以完成这套表达，直到看到最后“天外有天”才明白真人电影片尾那套拨乱反正的字幕在这里视觉化呈现罢了。,3
132,浮云叫了一整天,35,"3.5
勉强三星半，算是低开高走。相比哪吒而言抛弃了较多娱乐性，选择了些许作者性(个人感觉，可能存在），更面向于成人化的一方世界。关于个人/苍生的抉择命题表现太过于直白，深度也非常浅(也可能是我在姜子牙之前刚看了生命之树？）。当然哪吒的“拒绝角色脸谱刻板化”在姜子牙这里得到某种程度上的高质延续。叙事节奏上些许欠妥，口号性台词感还是过于浓烈。一方面来说，有抛弃低俗之优，另一方面来说，又有步入自我意淫之嫌，批判力度不足大概也与审查脱不了干系。至于煽情，我一向持反对(除了吴念真），对于姜子牙，我也只能说有点尴尬。PS我可能脑子抽了，居然感觉和马利克有连线？(一定是我刚刚看了生命之树！）",3
133,淋,79,"当微博上都在夸一部电影的时候，那它肯定有问题定律。从审美到故事，姜子牙都完全配不上“脸面”，一边扬我国威瞧不上洋皮的刻板印象和国外价值观，另一边画着失真的东方脸还嚼着人家剩下的内核沾沾自喜。
PS：国漫要崛起的第一步，先要改掉谈情怀和炒营销的臭毛病",2
134,禹贡,83,美工和特效可以，剧情、节奏和人物塑造真的不太行……,3
135,Enjolras,46,"《姜子牙》的故事起源角度很有趣，封神之后的姜子牙并未位列正神之位，他到底何去何从了，鲜少有人去《封神演义》中寻找答案，《姜子牙》就抓住了这个契机，虚构了又一段传奇故事，这就像当年的《侠盗一号》，仅仅从《星球大战》片头的一句字幕中展开了一个新的故事，有创意。
国漫的佳作频出已经一遍又一遍地证明了动画电影工业水准的成熟，而《姜子牙》则在精致的画面基础之上，雕琢出了更具古典艺术感的画风，再加上不断升级的大场面，视觉冲击力和观赏性已然拉满了。
故事层面上则更大胆，把姜子牙塑造成了一个修行者、思想者乃至于革命者的形象，对真相的探索，对权威的挑战，对众生的悲悯，对自由的追逐，这绝对是一部能够满足孩子的电影，而成人将会看到更多。",4
136,阿w,62,好家伙短评里又一水的国漫崛起。动作戏怎么那么爱快剪加大特写啊，台词怎么那么玛丽苏啊，说了半天的隐情，逻辑也根本说不通啊，别为了讽刺而讽刺好吧？女主真的太李元芳了，感觉下一秒就要扔出个大转盘，我一直等九尾能画成个美女，结果从始至终都跟无脸男似的,2
137,哥谭精神病人,100,面子上装的比哪吒高级，实际比妙先生还要空洞。整部片子拍出来的东西就像一个笑话，所有的人物动机东一榔头西一棒子的交代，从来不是人物推动剧情，永远是剧情赶着走，把所有人的行为逻辑搞得变化莫测，一个比一个看着像是有病。整部片子看起来就是一盘散沙，所有的剧情点都是硬拼在一起，想要做的东西巨多无比，做好的东西一个没有，全片看下来完全不知道核心主旨在于何，不知所云。视觉呈现上，冤魂段落看到了创意所在，但是其它部分一无是处，所有场景没有任何细节可言，一切背景粗糙处理，劣质，塑料感溢满屏幕，缺乏创意的同时又极其不认真，连人物建模都是敷衍了事，没有一个有特征有记忆点的角色建模，古板，老套，陈腐，潦草，布满了全片。这么一群纸片人设的东西和哪吒共处一个宇宙，还能再可笑一点吗？,1
138,平成宅叔,18,十元结婚了，难过到在影院暴哭，我的青春结束了。,3
139,迦南Canaan,20,混搭了日本、美国甚至香港电影中的多种元素塑成了精美的壳，内里却是另一种境界。这是一部对观众不太友好的电影，放弃了《哪吒》对商业元素的妥协，这部致力于向观众输出挑战的价值观模式，成自我的道，不歌颂奉献的牺牲，需要观众抛下《哪吒》的期待去看。,4
140,CyberKnight电子骑士,22,三星半。看的IMAX，之前挺期待的，看完比较失望：画面可以给4.5星，精致细腻，宏大有气势，美术设计水准很高；立意很高，从“救一人与救苍生”到“撕下神灵假面”，比《哪吒》有深度。然而，剧本很差！只能说勉强成立，几乎毁了精致的制作和主题呈现。除了姜子牙其他角色都很浅表，师尊面目模糊，申公豹一根筋（既然是自己偷偷下凡的，为何开始要以看守的身份对待姜子牙？），小九这个角色更是跟主题几乎无关，完全可以大量删减戏份，作为配角出现，现在浪费了大量剧情却无助于主题表达和姜子牙的塑造。很多设定没讲清楚，比如师尊为什么要给九尾那个锁？转世的玩意儿怎么就成了九尾召唤冤魂的工具，她之前有打算吗？故事缺乏张力和冲突，一路走一路打；搞笑和煽情都比较刻意；结尾忽然出来个师祖，几句画外音就把始作俑者师尊给处理了，过于草,3
141,去尘,53,我觉得很好看啊。说故事不行应该更注重娱乐性吧，这个故事明显要丰满一些。虽然最后差了一口气，但我觉得可。四不像，小九。申公豹，人物很立体了。,5
142,张咏轩Wayne®,33,彩条屋的动画工艺出类拔萃，完全不输好莱坞，线条流畅自如，色彩运用登峰造极，想象力也开出了花，这部电影在技术表现力上只增不减，但在文本打磨上就差强人意，对“封神”姜子牙的故事进行了重新的解构，点出了一人不救何以救苍生，个体与权利阴谋的对抗议题等等，还着重展现角色内心的拉锯与现实的混沌的相互制约，也算是姜子牙筑成仙道的公路救赎片，但是整个剧本的脉络和梳理，依靠于大量苍白的对话为引，叙事纹理倾向平庸的流水堆叠，姜子牙和小九也没烘托出人物之间的关系火花，各有执念各有意图，所以完全没有“哪吒”里那火热的使命感和剪不断的情缘来的荡气回肠又感天动地，不过是各自成全的公路情谊罢了，剧作结构效仿好莱坞，文本是小学生作文水平，技术是国内顶级流量，想象力是无限极的光，还可以继续期待彩条屋下一部巨作《深海》★★★☆,3
143,汪金卫,19,IMAX3D版。动画技术诚然比国际一线作品还有差距，“简体中文小篆”也有点拧巴。不过玄鸟等桥段的刻画还是可圈可点的。剧情在传统公路片套路的陈旧模式上点到为止地触及反抗上层议题，揭露高高在上者的道貌岸然、养狼防狼。然而遗憾地与很多国产电影一样，最终仍要依靠更上层力量的恩赐、开明、干预才能“拨乱反正”，主旨被大幅削弱。片尾后两个彩蛋观感彻底破坏了电影苦心营造的整体气质。成人国漫值得鼓励，但仍刚刚起步。三星半,4
144,Bwheat19920313,38,"95/100。一下子让《哪吒》那个小儿科一般的无病呻吟现出原形，谁说动画片只能有逗着孩子笑的初级功能，反应起一些某些真人电影不能呈现出的深层东西反而更为震人。
有人顶着高高的帽子用夺目的光芒遮住了自己能被人看到的一切内幕，在阴影里用肮脏的双手把世间涂得乌黑不已。这光芒能遮蔽近乎所有人的眼睛，却必然会露出自己丑陋的尾端。这尾端，有人视而不见，有人视为异端，只有某些人甚至某个人，能真正看清它早已被斑驳遮蔽的真实面目，用自己被压制之后仅存的那一点力量去反转整个颠倒的世间，哪怕一夜白头，哪怕天梯坍塌，哪怕万劫不复。
一人不救，何以救苍生？这不仅是心怀正义之人心中最深的呼唤，更是自上至下每一个人都应该听到的声音。这世间，谁都不准掉队，谁都不准凌驾，谁都不准削去哪怕一丝的锋芒。",5
145,阿麦。,61,如果这就是中国动画的财富密码，以后都不会再看了。,3
146,🌵🌵,16,彩蛋比正片好看。现在这些国产动漫都是什么毛病呢？伪劣3D就不说了，最后必定是一场撼天动地级别的奇观性战斗（《大鱼海棠》《大圣归来》《魔童降世》），一到这种时刻就开始不讲道理，各种矛盾，情节的、人物的、主题的，全都随着情绪和视觉的高潮一并消去，用非逻辑的影像空间解释逻辑，总是很顺拐。以及，我们除了神话故事真的就做不出其它题材的动画了吗？,3
147,明安,28,美术，强。故事，烂。,2
148,XiuYan7101,61,就要强迫症男妈妈！！！！,5
149,在你身体里冲刺,26,人类之所以得到好的结局安居乐业是因为最终失去了神明的庇佑，这个结局真的太太太妙了。国漫迄今为止最大的进步远不仅仅是精细的画面和炸裂的特效这些技术层面的东西，而是在中国，动画终于不是只给孩子们看的东西了。不论从价值还是从剧情上，再到这部电影的诚意和精致程度，都值得打一个满分。,5
150,木一,28,作为商业片倒也没有那么糟，视觉OK，该有的场面都有。剧情其实立意不错，但问题是整体的节奏安排只服务于最后的悬念，却没有用人物个性去推动，所以拨开外壳就是一些描写空洞的牺牲、阴谋、拯救之类的东西，看起来有深度其实很俗气。继续加油吧。,3
151,惑星凛,255,在神话改编上，打出了新的世界观。角色塑造上，姜子牙的内省和觉醒，都很厚重。技术上，无论是二维还是3D，都是中国动画电影目前的天花板。大圣哪吒姜子牙，走出了三条不同的路，真的很感动。坚持，加油！,5
152,Z星驰007,40,姜子牙从一开始就一副身上压着整个天下苍生、心里缠着忧思愁绪的样子着实会让观众都替他累。国漫也越来越按套路出牌了：大场面高概念深思想，一搞就是宇宙洪荒宿命天伦。,2
153,猫奴十二年,25,"1.剧本太一般，几个人物之间的感情没写到他们生离死别之时表现出来的那么好；
2.为什么现在离婚率这么高？原来是因为纣王死了；
3.姜子牙，无政府主义倡导者。",3
154,京郊低配黄子华,7,姜摩西出北海记。忠犬小四、忠豹申公各值一星，美工值一星。,3
155,白胡椒哇,25,全片最惊艳的是开头二维动画，通过3D的形式对二维动画进行了分层和拼贴处理，极具特色，可以说是最不向大众品味妥协的风格傲骨，其次是结尾贴片的《深海》，无论是画风还是制作都完爆《姜子牙》，而且是原创IP，田晓鹏冲鸭！说回影片本身，剧本略土，作为公路片无论是人物转变还是情感处理都太过于草率，过渡衔接过于生硬，制作方面比不上《哪吒》，渲染方式主要是大的色块组合，太像游戏了，环境这么渲染没问题，但人物也这样就显得塑料感十足，皮肤纹理不足，毛发过于粗糙，根本经不住巨幕的考验，及格都勉强。制作短板还表现在文戏长，武戏短，动作分镜快而不流畅，再加上环境普遍较暗整体细节缺失，动作就显得藏拙，全靠光影粒子嗖嗖嗖。另外，感觉整个片子的基调都不对劲，过于苦大仇深，配乐史诗感但缺乏起伏，一个人的故事就不要搞史诗啊喂！,3
156,glim,18,把圣传改拍得挺好，至少努力让人们了解普罗米修斯背叛奥林匹斯的孤独,4
157,毛冷瞪,12,我觉得挺好看的，但小九开篇明明是个呲牙咧嘴的厉害孩子，怎么后面变得那么娇弱只能被人抱来抱去救来救去。还有最忍不了的就是九尾了。惊世美貌怎么就被画成了大蜘蛛德行😂,4
158,顗礼,12,怎么说呢，这片子最终的价值观导向与其说是“反抗体制”，不如说是“通过清理体质内部的祸乱因子维护正常秩序”，面对体制，它既不极端反动，亦不彻底拥护，它只希望苍生能活在脱离控制的美好世界；也因此，“个体”的意义实际是被强调的，想想姜子牙的那句“我不骗你”，轻描淡写，却也足以把《夺冠》中没能最终明确的“个人意志”摆上台面；另外，为啥我总觉得这其实是个同志伴侣养孩子的故事，若真有此层引申含义，那的确是个不错的表达方向...,4
159,喵尔摩丝,21,是好看的，能看见经典神话如一个宇宙般铺展开来，是特别让人激动到起鸡皮疙瘩的一件事，开篇的火烧朝歌，中间的玄鸟引魂，都已经做到了。长得像基努·里维斯的姜子牙，骨子里是普罗米修斯，由他引出的话题是，什么是不公，谁制造了不公。如果说哪吒是“我命不由天”，到了姜子牙这里，也成了“谁的命都不由天”，然而群神在上，缄默不语，他这样的反叛太过悲壮。我们目之所及，只可以看见神妖大战，看不见的是神与妖早有勾连，朝歌这把火，究竟烧与灭，压根不重要，因为不管结果如何，都是众生皆苦,4
160,blueshadow,9,"意识形态的诉求强烈，甚至可以说很直白了。以一个人的名义？还是以人民的名义？什么是最好的安排？姜子牙成了启蒙的化身，以不明白为起点。
可惜人物动机不足，几个主要人物关系也没有提供足够的动力，总体上显得单薄。
类型上杂糅了公路片，西部片等，也想兼顾喜剧和正剧，但想的太多，说理比较多，最终难以平衡。",3
161,泡小妞,54,"动画效果真的挺好的。虽然比不上冰雪奇缘。自从看了“学三年动画做出的爱莎”后，对动画有了新认识，做动画着实不容易。中国动画继续努力！
姜子牙“救一人还是救苍生”。道德两难问题总是让人充满讨论欲。
为了统治三界的天尊，为了师兄的申公豹，为了小九的姜子牙。影片都给了一个新的形象。
值回票价，推荐！",4
162,深邃,13,这三界大战怕不是师尊亲自指…,2
163,Estrella,46,有点头重脚轻 结尾对师尊的行为含混不清 其他地方都很好了 国漫加油！,5
164,SleepWalker,21,这个子牙不太冷。扬了长却避不了短，故事讲不明白技术再好也是空中楼阁，无法共情。以为学哪吒最后变个身燃个小宇宙就OK了吗，哪吒的成功可不是随随便便的，层层的情节铺垫和丰富的人物关系在这全看不到。本片的最大亮点居然是《深海》，这也太尴尬了。,3
165,栗,12,我觉得挺好看，可爱，值得看。问题就是姜子牙和小狐狸的关系描写太拘谨，缺少化学反应，不如把说教感冲淡，把感情线拉长，调出《美末》内味儿（我是说别硬拗什么救一人即救苍生，特别假大空，具体一点，爸爸救你！OJBK！经典配方！好嗑！）；我脑补，非要说教亦可走《超脱》那一型，但对国产动画来说不可能，超纲了。,4
166,渡口无边,15,视觉美术方面依旧有更高概念的突破，氛围缔造达到惊人水准。与哪吒直接点燃观众不同，它的内核、立意都更高更复杂，从个人命运转为对个体/苍生的命题讨论也让片子更加成人向。反高潮，并未以激烈打斗作为第三幕，姜子牙挑战着大多数观众对于“动漫”惯常的审美和观念，但我认为，它迈出了国漫必将迈出的一步。,4
167,小A,24,精彩有深度的动画电影。借鉴《封神演义》《山海经》人物和意象，赋予更宏大的设定和奇特的想象。原著是相对简单的善恶对错故事，电影集中描写妖怪和玉虚宫政治斗争复杂性，更具借神喻今的现实意义。编剧在原著基础上对姜子牙和妲己进行大幅改编，凸显令人唏嘘的宿命，两个角色互相成就，剧本结构和情节设置很有技巧，值得学习。姜子牙和哪吒本质上都是纯粹且具有反叛精神的灵魂，前者中年人比后者中二少年更沉稳一些。,4
168,闵思嘉,9,比较有意思的是，开始尝试构建整个封神世界的世界观。苏妲己和九尾的双生模式其实也与哪吒和敖丙的双生模式形成对应，整体是公路片冒险模式。最后的那一把锁的设定和哪吒的坏小孩一样，是逆转神话叙事的切断效应。不过情绪性段落略多。,4
169,陈小憨˙Ꙫ˙,58,画面太游戏化了，镜头零碎交叠，人物单薄，情节模糊，主题是哪个，救苍生or救一人的辩题也没说明白，师尊突然黑化又突然落败，3D毫无必要，唯一出彩的竟然是友情彩蛋。。可能制作团队的信息技术不错，语文不及格吧,2
170,电影榨汁,17,期待已久的光线彩条屋中国神话系列第二部《姜子牙》终于上了。首先开头的国风二维绝对中国动画顶级。三维方面又一次集全国3D动画和特效制作团队，视觉效果又比哪吒进步了一个档次。精神内核方面也在哪吒的基础上做了更深度剖析。哪吒的核心主要集中在对个人命运的抗争。《姜子牙》则包含了人性和神性的矛盾、个人追求、道义标准的重新定义等等，内涵更加丰富和深刻。中国神话系列这个模式和复联一样，IP既有独立电影又可以联动1+1＞2，每出一部新片都在上一部基础上迭代升级，期待未来国产动画继续爆发~,5
171,甄,60,年度迷惑事件 我看懂了信条却看不懂姜子牙 整体看下来 意思是这个意思 但是事不是这么个事啊,1
172,缺德梅,22,6.9 锁到底用来干嘛的？姜子牙怎么突然变厉害了？天梯断了为什么世界就变好了？最后几分钟和喂屎一样，不过也挺真实的，这天外之天，神外之神基本上屁都没做。,3
173,woodhead,8,编剧似乎就把看过的所有中二台词都塞进这部作品里，人物仅仅是把这些台词说出口的工具，于是无论是人物形象、行为动机还是情感连接都苍白无力，戏剧冲突都是硬设定的结果而非自人物而生的自然发展。剧本上的无力是国产动画的一贯硬伤，但这部《姜子牙》和之前的《哪吒》所呈现出来的让人不安之处在于，表面看似对权威的反抗，但内核其实都是对权威的拥抱。最后结局中只在言语中出现的那位“师祖”，彰显了主创小心翼翼的逢迎上意。作恶的只是中层的“一小撮别有用心的人”，上面的上面那位，还是好的，圣明的，那位最后的出现就像赐给了“钦差大臣”姜子牙“尚方宝剑”，不是颠覆了权威，恰恰是为权威正名。要我说，《姜子牙》才是今年国庆档的最强献礼片。,3
174,古宋松谷,8,三星半。有很好的立意和故事动机，败在剧本薄弱，看上去更像一个游戏，不像电影。姜子牙人物形象神似《埃及王子》，弃权出走后的觉醒与斩断天梯有多重喻意，可惜剧本局限太大，推翻秩序后仍臣服最高秩序的天威难测，浪费了这难得的立意，终究动摇不了大护法的神话地位。然而救一人亦是护苍生，在本土三体为尊的精神域里，仍是难得的英雄主义。,4
175,海月梦香,44,"论娱乐性和整体可看度无疑是哪吒更强的，不过我很喜欢本片的美术效果和叙事风格，尤其美术堪称惊艳。如果剧本能打磨地精细些的话就更好了，就电影探讨的话题而言这个剧本还是不够深入。
其实整体观感有点像是文艺片导演转型来拍大片，差不多就是口碑和质量没有那么好但受众度却更高的《银翼杀手2049》，毕竟姜子牙多了些活跃气氛的角色，虽然节奏同样偏向沉闷，但相比之下更能调动观众情绪。
最后⋯⋯田晓鹏的《深海》快来吧！希望会是一部娱乐性与美术效果兼具的作品！",4
176,tangerine,10,今天你为了苍生而舍一人，明天就会为一人舍苍生，因为在你眼里，众生始终是不平等，对于神来说，一人与苍生没有分别，而对于人来说，就是要努力救下每一个人，即使失去更多的人，这不是一个后知后觉的问题，而是一个事关当下的问题。虽然我看完《姜子牙》，会觉得是经受了两个小时不间断的说教，弄得人异常疲惫，不过我认为自己依然可以这么说，这是国漫新的标杆。,4
177,[已注销],79,"不知道为什么，我觉得静虚宫说斩善很有道理，舍一人就苍生，姜子牙太圣母了，不懂为什么要为了救一个人，放弃那么多，哪怕搭上性命
还有他们师尊那么厉害，为毛不直接杀了九尾，迷惑，还死了那么多人
但是我觉得师尊利用狐族一统三界有点恶心
整个故事不知道要表达什么，画面很壮观，内容很空洞，主题不明确
我真是服了姜子牙，九尾都说了师尊做了不好的事，他还是只关注小九，感情这主题就是救一个人，其他都不管
我没看过这么不引人入胜的电影，真的好无聊，时刻想走",2
178,烟波人长安,10,画面很棒很棒，故事就那样吧。。前因后果到最后也没理顺，小九这个角色也严重缺乏魅力，感觉救她还不如救申公豹。。。ps.姜子牙变身那段我好像看到了奥特曼。。,4
179,内陆飞鱼,12,国漫崛起是这几年一再被讨论的话题，《姜子牙》也是一部值得被讨论的国漫代表作之一，无论从题材、故事、人物，还是画风、色彩、幕后，都是优质国漫无疑，中国传统神话这个大宝库，再一次得到挖掘，姜子牙这个神话人物，并没有拘泥在封神演义里面，而是跳出既有框架，进行了二次挖掘和创作，姜子牙的形象得到了新的拓展，中国传统神话的粉丝可以去里面寻找熟悉的古风，新一代动漫迷也可以去寻找自己喜欢的个性化元素。,4
180,苏乏,8,最厉害的地方就是那条龙，特别塞尔达旷野之息，然而通篇下来看得很疲惫，心里也蛮慌的，这么多钱就花了但是故事？在体量上够电影叙事，但情节量实在也就45分钟，我最担心最后成绩很好，观众用钱投票了，就觉得剧本没问题了，能有什么问题啊？按你的说法做一个故事能有这么高的票房吗？细节、情绪和场面都太够用了，像是导演拿着美术画的概设直接上分镜头，戏呢？兴许是没时间研究了，个人觉得彩条屋在做一件特别有意思的事情，让人艳羡，但需要认真梳理一下世界观，或者找个气吞山河的大哥大姐，至少把封神宇宙里哪个角色的片子主打小孩，哪个面向成人市场，至少从角色年龄来看是显而易见的，那么对故事性和主题的要求也就唯一确定了，把人物关系和节拍表做好，再交给诸位导演们分别牵头创作吧,4
181,伊夏,16,和哪吒的肆意暴虐潇洒不羁相比，姜子牙是笼中人作困兽斗。这太中年危机了。相当怀疑这颠覆尊上的想法不用“神仙上面还有神仙”的蠢话硬压要怎么过线。我爱这部的抒情，打戏最后都是绕指柔的浪漫，虽然当然是，残酷的浪漫。又感到国漫技术也是越来越好了，接下来的《深海》瞧着视效又进步了（虽然我烦死《大圣》了）。全片都没哭，片尾曲响起歌词瞄了几眼就眼湿湿。盲猜是国庆档价值观最舒服的一部片。嗯，其他也不准备看了。（害）,4
182,公映哥,22,我裂开了这节奏感……太早了，还是晚几年再拍这一部，就是真的史诗大作了。不是技术上的“再等几年”，而是节奏上的，故事讲不清楚，是剧本工业化不成熟……在套公式，却套不熟练……,2
183,桃子,11,从内容来说，是成人向的，从画面来说，也没有拍给小孩儿看的意思，所以，场里的儿童纷纷主动离场，特别理解。谁让中国电影没有分级制呢，上个动画片，家长就以为是给小孩看的。姜子牙很像那种男人中年危机的故事，浑浑噩噩活着，怀疑人生意义，然后出现了一个女儿（元神），最重要的是，她居然需要拯救！嘿，可来劲了。最后把天庭都砸了，以为看的是《西游记》呢。然后返璞归真，舒服了。狐妖很适合找FBB来配音，感觉可以借她那故事讽刺一下什么。画面没什么好说的，不美，特效也不牛，不如RPG游戏。不过后段几个简约的、具有哲学意义的构图很好看。以女权主义的视角看，少女大叔CP、妖魔化欲女，及捆绑少女等情节，都是“厌女症”。and 少女、妓女、圣母三位一体，又一次将男人的幻想赤裸裸地展现了出来。IMAX（彩蛋生动有趣，至少不装,2
184,獨孤島主,6,若不是因为惊情一月，这本当是今年看的首出金全本银幕大戏，而今强按当然也还不晚。全部《逆权（血）姜哥》包括《反封神》《钓北江》《笼奉店》《三点沦落人》《骨风铃》《释矜狐》《赶千关》《白赛亚二上天台》《斩仙樘》《祖师爷的名义》与加演《秋餮会》。道尽被迫边缘的实力派最终不免被编剧无情操弄的一生，气韵生动，魂魄相成，极其可观。,4
185,科林,10,"马丁·西科塞斯《出租车司机》
琳恩·拉姆塞《你从未在此》
吕克·贝松《这个杀手不太冷》",3
186,耶梦加得你的狐,8,凝聚了动院儿十多年努力结晶的大片儿，非常强，喜欢！！除却情感之外其实超出我预期，戏核还蛮严肃的，不是瞎打瞎闹。而且真的很有中国味儿，不光是说美术设计啥的，剧情和结尾那个憋屈劲儿，领导上面还有领导也很中国……,5
187,老珂,29,高开低走，人设动机不明，逻辑条理不清晰，中间一大段戏份昏昏欲睡。,3
188,shadow,23,为什么这么低评分？我觉得比哪吒好看太多。可能是我已经到了中年危机而大多数人还在叛逆青春期吧。这些神仙整天说要大局为重满嘴的天下苍生，以为天降大任，但就是不苦其心志，也不劳其筋骨，天天就想着牺牲别人，最后还不是为了满足一己私欲，我见得太多了。最可怕的是并不是没人看破这谎言，只不过谁不想位列仙班鸡犬升天呢，我还是希望能做姜子牙，希望更多的人能守住心里的善与正义。,5
189,Mr. Infamous,14,中秋月夜看神妖鬼灵，颇为应景。《姜子牙》上乘的画工，勾得出那个充斥幻术与异象的瑰奇世界。而被这天地衬托的，又有志怪本身的诉求，所谓宿命锁，比光天化日坑蒙拐骗更虚伪，所谓归墟，比金玉其外败絮其中更邪毒，因为都是人为操控，而且由强权之流强加上去，对照各人结局参差，更见世态炎凉。风雪苍茫，都懂了些许独钓寒江的倔强与悲凉，至善也好，本真也罢，姜子牙敢把大而化之的苍生放在有血有肉的个体之后，大概已在固有语境里大放异彩。知难而行，不易本色，就任天梯崩塌吧，五雷轰顶换一个朗朗乾坤，这样理想化的孤胆英雄总叫人先敬三分。庆幸哪吒式低幼段子被洗掉，哪怕沉静些也至少干净，对得起这份成年的悲壮。昨夜至今，越想越觉电影可贵，这挑战虚伪权贵的胆量，越是世所不容，越是铿锵有力。注定不公不义的渡劫城一难，不忍等看。1001,4
190,芦哲峰,3,申公豹舍命救子牙，姜子牙舍命救妲己，全乱套了。,2
191,等待电风扇,8,不是没猜到这个剧情反转。是没猜到这个剧情反转会出现在国漫。看到一半我在想，如果这不是国漫，剧情一定会这样这样发展，但这是个国漫，所以不可能。结果没想到真这么发展了，而且处理得相当高级隐晦不至于不过审，搞得我最后半小时一直心情激动。让新时代小朋友进场看看最直观的反极权，即使晦涩隐约，但希望银幕上断掉的天梯能永远印刻在他们的潜意识里，作为一个潜藏的警醒，能保有哪怕一个蝴蝶翅膀扇动的力量也好。,5
192,＃娘⭕⭕＃,19,能磕到。也感动了。视觉上有很多可圈可点处。剧作单薄些，但故事大有可为。另外大写加粗：神仙配音天团太🉑了，郑希大大！！！姜sir！！！图大！！！again 郑希大大！（我的主要爽点可能是在IMAX厅里听剧（另，给姜子牙老师高马尾点赞,5
193,RH牡蛎,67,莫名又臭又长，磨磨唧唧……美术设定加成。,3
194,冬惊,22,10.1华星UME首映，感谢盗梦赠票，中国团队做出这样的特效真的不错了！风格和哪吒不一样，但也是逆天、反叛的主题，故事交代的不是特别清楚但很戳泪点，竟然哭湿了口罩！,5
195,滿神的異教徒,32,连续三年，每年我都会去影院，支持一部当时热映的国产动画电影。你能够感受到，电影特效在工业技术上，得到肉眼可见的提升，只是观影体验却一次比一次可惜。我不否认，国内工业技术逐渐接轨国际水准，只是你若只学到好莱坞式动画美学的皮囊与皮毛，从头至尾，都用视觉幻术，来掩盖内核的言之无物，这种商业把戏，能够对得起你们高举的国漫崛起的大旗吗？,2
196,佩路,20,本质上是一个挑战权威，自我救赎的故事。反传统的英雄设定，边缘人物的追寻与坚守。选择舍去神性，而守住人性。主角的信念与行为所传达出的是基于共同价值的个人主义。露水与江海，一人与苍生，无需取舍同样重要，都值得以善相待。看到这样的立意和人文精神让人惊喜，也让整个动画故事更加成熟。,4
197,刘十九,51,设定不是不能改，但能不能别瞎改，或者不会自己另起炉灶吗，非可着封神演义祸祸。姜子牙和妲己就算了，申公豹怎么就好兄弟了，元始天尊和12金仙又犯了什么错被这么编排，给神仙们留个好名声吧！,2
198,Muto,12,令人遗憾的是，现代人早已失去了与传统对话的能力。现代人只关心自个儿的心事，只编自个儿想看的神话。现代人都有什么样的心事呢？我是谁？从哪来？到哪去？真是灵魂拷问。现代人都喜欢什么样的神话呢？草根变神仙，凡人成英雄。显然，从「静虚宫」来，到「静虚宫」去的《姜子牙》是一个典型的现代人，说得具体一点，就是一个在狐妖体内发现无辜怨魂的文艺青年。看到有评论说，这是将传统文化融入现代语境。反了反了，这是将庸人自扰栽赃给了先贤，这是把人之罪过嫁祸给了幻术，这是把现代瘟疫传染给了远古。你去细看，影片里哪一点是传统文化？不过是又不传统又不现代的「四不像」罢了。看到有评论说，这姜子牙变耶稣了。别说，还真被说中了。现代人有几个能成耶稣？耶稣穿过荒原走向十字架时，轻声说：成了。现代人有谁有胆？都是嘴炮口号，说说而已。,2
199,Aquarius、C,54,嗨，国漫终究还是停留在模仿，堆砌，强行剧情强行乱搬的水平，不敢创新，不肯突破永远不会进步,2
200,盗盗,37,看似很燃，剧情真的烂。编剧导演自我感动，很像郭敬明的笔法。,2
201,schwartz_man,26,姜子牙最后还是没有成功反权威啊,3
202,子不言,23,莫名其妙的人物，莫名其妙的剧情，莫名其妙的冲突，莫名其妙的结局，到处都是工具人，为了煽情而服务，姜子牙如果换成哪吒，悟空，这个动画都可以继续演下去，我就想问一句，是不是国产动画除了与天斗之外就找不到题材了？姜子牙可以发挥的空间那么大，曹尼玛的就偏偏要跟悟空一样的与天斗，我服了，真的,1
203,maggietutu,19,不是？就这价值观有啥可吹的？摧毁了一个权力体系又构建一个权力体系？抛弃了一个绝对反面又书写了一个绝对反面？自相矛盾么这不是？纯属啥也没想明白。当然电影本体的问题更大，一通瞎吼，一通瞎打。更别说故事原型、叙事策略、视觉美学哪怕3D设计都太成问题；又臭又长。彩条屋真是以一己之力覆没了整个“国产动画崛起”，想想当年的大护法，现在真是整个走歪路上了。可别再说什么“东方”“中国”，我呸呸呸。。,1
204,徐凤年,43,"成人史诗惊悚动漫，开头的2d立体动画震撼，小九像李元芳，然后其实是一个探险公路片，姜子牙是个纯的工具人，这部片子不是合家欢动画片，不太适合小孩子看，有一些吓人，一定想想再看哦！
另外姜子牙是个强迫症！！！！
还有，剧情的确有点拖沓，不过能感受到主创想营造那种史诗感，剧情呢，说句实话，高潮太短，可以加长一下，让姜子牙和师尊打起来啊，这不打前面铺垫那么多，浪费了有点。
小九像李元芳
四不像还挺可爱的
申公豹俩形象！
不救一人何以救苍生？？？
剧情有一些弱。
希望下一部能够剧情更强一些
节奏更快一些
史诗感的确出来了",5
205,豆友204869921,52,彩蛋比正片好看,2
206,三七,4,个人不太喜欢细节过于逼真的3D动画。“不救一人何以救苍生”的理想和自我觉醒对权威的反叛都是国片少有的精神。就是最后姜子牙化身Jesus Christ还cos创世纪，有点出戏。彩蛋好可爱，这么强迫症怎么没当场打死哪吒。,4
207,虫虫,16,立意很高，剧本有点拉垮，靠着特效支撑，整体气氛比较压抑，和哪吒是完全不同的两种风格。看彩蛋部分以后是要拍雷震子、杨戬和黄天化吗。,4
208,alain.proust,8,狄大人，下个月的工资评定，请对妲己温柔一点。,3
209,小楼。,22,"延续了这几年国漫的特色——不讲人物与情节，强力突出场面。于是创作者陶醉在一个个看似有着“崇高情结”的场面里不能自拔，把一个本可以展开很多层次的悲剧内核用场面连连看的方式肢解的空洞至极，人物与世界观充满矛盾，小九的每一句和行动我都要画一个大大的问号。姜子牙在理念和情感上完全没有支点和对立方。妖狐揭穿师尊的真面目后对姜子牙也没啥影响，他还是要去拉小九的手搞死妖狐，然后上天喊一嗓子把路给震塌了。怎么的，这条路是仙界致富路吗，塌了完不成小康指标？不搞师尊也就罢了，最后师尊特么的连个老大都不是，老大还是明察秋毫责罚了师尊，转脸就把姜子牙搞到监狱了，行，我服。
不过彩蛋忠诚度还是很高，哪吒一家还是一家没素质的傻逼。",1
210,惘然,10,"国漫的画面是越来越美了。想象力也不再囿于原著，一开场就是大战之后封神，然而姜子牙仍要救一人……当年《封神演义》大家只顾着打打杀杀拯救苍生，偏偏苍生之一、无辜的苏家女儿被大家都遗忘了。
“救苍生还是救一人？”当这个命题摆在眼前，姜子牙的选择是不选，“不救一人如何救苍生？”苍生要拯救，一人也要救。世人都想成神，没想到第一步是灭善，姜子牙要存善。《姜子牙》脱胎于《封神演义》，主旨却是不信神，我命由我不由神！
最喜欢的角色是申公豹，他信奉姜子牙不是信奉神，而是信奉心中的英雄，一个真实高大还没有泯灭善的人。",4
211,又变白变瘦了,28,“用自己的方式成为自己的神”“我命由我不由天”这种台词太让人尴尬了,2
212,Westcake,58,经费和精力全放在皮毛上，内里败絮其中，像用脚写的剧本，关键是你这皮毛也没多精雕细琢啊，要奇观没有奇观，想象力极度欠缺，还不如玩一盘战神过瘾。,1
213,丛二,5,这片子没有一个人物是成立的（指猫为狗罪不可赦！）口号主题就算了吧。这玩意跟封神宇宙一毛钱关系都没有，顶着东方神话谱系的名，一点东方神怪精髓都木有，骨片风铃和耶稣大爷走好不送。另外虽然美术精良但我觉得半点东方神韵都没有。,1
214,嗷嗷啊哦,74,全剧就一个彩蛋好看，我真的无语了，50块钱买个彩蛋看,1
215,妲炉炉,8,看着很新其实很旧，最后在更高领导的支持下打败了普通领导的伪叛逆故事,2
216,ChrisKirk,3,对于「电车难题」，姜子牙提出了一个很有价值的反思，为何存在这种困境，为何我们始终无法摆脱二元对立的思维局限——在这点上，结尾处不再被任何身份所圈定的姜子牙迈出了很多电影无法迈出的一步，他没有一味地归顺，而是对整个历史和世界结构做出了反思和行动。但同时，电影仍然默认的一点是，两个选项带来的后果一定是幸福或不幸的，这就又回到了问题本身，即否定了姜子牙作为一个具有代表性的反叛人物的一次部分成功的革命，瓦解困境、逆天而行之后，姜子牙仍然受制于更高的权威，所谓标准，就像肉身被毁元神遁逃的九尾，并没有被打破，反而更忠诚地被捍卫了。,3
217,Circle,18,迄今为止在豆瓣标记想看最早的一部电影，虽然不是当初所期望看到的样子，但并不算辜负了五年的等待。虽然有着故事节奏温吞，人物转变生硬等等这样那样的问题，但拒绝低幼的姿态，针对正义的质疑，反抗权威的主题是点出来了，整体的故事非常“钢炼”。当然，最终师祖的出现简直是惊天大垮塌，影片花了近两个小时时间摧毁了一个父权形象，居然又自己再立了一个更高位的存在，实在无法原谅。综述可以及格，加一星鼓励。～,4
218,昭和惊弓鸟,3,不被界定的他者质疑极权统治的点子在现有环境里真是大胆，可惜对角色情感、立场的探讨流于表面且模糊处理，常常音乐已经用力在煽了，但是情景却完全跟不上，形成了高不成低不就的样子。,3
219,某J。624,9,故事跟不上情绪，情绪跟不上特效。比起大圣和哪吒，姜子牙其实在故事上更具野心，但可惜创作团队本身对这个主题没有足够深刻的认知和理解，导致全片核心像喊口号，却没有足够符合逻辑的人物以及剧情去支撑，以至于既无法讨好小朋友（结束后有个妈妈问孩子好看吗，俩女孩异口同声“不好看”），又无法满足成人（左右两边都几乎看睡着），全场唯一同时在线只有彩蛋出来的那一刻。P.S.视觉效果是真的好。,3
