,review
0,申公豹：“姜子牙，你保护世界，我保护你。”
1,"制片人：你的新剧本是讲什么的？
编剧：故事发生在美国，州长叫黑帮老大去杀人，他来“剿匪”，事成之后让他做市长。
黑帮老大照做了，结果州长不仅没让他做市长，还把他抓了起来。
黑帮和百姓你争我斗，死伤惨重。
州长制造犯罪，再来制止犯罪，立了大功。
州长命令男主枪毙黑帮老大，男主一旦开枪，州长就会宣布这场犯罪是男主发起的，怕事情败露所以杀黑帮老大灭口。
结果男主没有开枪，还查出了州长的秘密，还要扳倒州长。
这一切都被总统看在眼里，他利用男主除掉了州长，利用完男主就把他打入大牢。
原来，叫黑帮老大去杀人其实是总统的主意，州长只不过是服从命令。
续集我都想好了，男主越狱了，准备曝光总统，最后差点就要成功，但还是失败了。
制片人：把男主改为姜子牙，州长改为师尊，黑帮老大改为九尾妖狐，总统改为师祖，改好了发给我。"
2,画面美，剧情。。。
3,画面不错，剧情牵强
4,谁能想到子牙变耶稣，从此人间无神仙，中国有上帝呢？
5,很多‘点’解释不清  高级RPG/PPT
6,槽点多的不知道该从何吐起：跑步动作尬的霹爆、姜子牙配音神似敖丙还很违和、女主长得酷似李元芳、你敢说玄鸟出场那段没借鉴十年前的阿凡达？动画不行就全靠炫酷场景撑场面、一言不合就升格眼睛大特写、阴谋论的故事最后草草收尾不了了之、人物形象完全没塑造明白、开头几分钟历史片段做的不如很多动画专业的毕设。最最最无语的是全片最好的笑点看点和唯一的3D效果分别出现在两个彩蛋里，讽刺的是在是过分了。
7,披着东方神话外衣的美式动漫
8,故事的感觉就跟天梯一样，长且又无聊。行看了imax，画面get到了。内容一言难尽。
9,这咋姜子牙变耶稣了
10,重塑封神是个好主意，可惜引子太老套，主题宏大而无趣。
11,挂骨风铃引渡亡魂，宿命红锁绑定元神。是信小九说她不是狐妖，或信九尾说你身在迷局，难道信师尊说诛杀九尾可拯救苍生？若想救苍生，才明白信很容易，不信才难。若想成神，才懂得斩恶很容易，斩善才难。是否要为苍生牺牲眼前人，是否要为封神断绝善恶。反倒羡慕初踏天梯的自己，一心救苍生，无知一切。
12,反抗力度比预期强一些，认真劲儿也比预期强一些（对比哪吒），或许也是正式上映前一直掩着的原因之一。技术层面一般但也有几个让人震颤的场面。开场的“杀杀杀”、被贬后众口“败类”、被一句“转世”蒙蔽，将神（政）、人（民）、自己批判一圈，尽管多少是流于表面。高潮戏的一处语焉不详，联系尾声引师祖出场，对于打破枷锁的力量还是保持着清醒；而更深一层可能是道高一丈的秩序仍在，也可能是希望只能向不切实际的更高处望寻。就电影来说，能成为告慰怨魂的骨片风铃就且算是不错的功绩了，因为现实中连让风铃响起的风都吹不起来。
13,【C】又杂又乱，还无聊。能看出主创团队想突破由《哪吒》所确定的立意上限，可是在立意上走了和《白蛇》一样的老毛病，想说的太多，却什么都没说清，最后就是这么个「高不成低不就」的作品。无论是人物还是情节都浮夸而生硬，影片前三分之二的剧情基本是在用最华丽的美术去包装最无聊的意境，角色间的互动与转变沦为了真正意义上的“儿戏”。至于动作戏更是拉胯，我不知道到底是经费问题还是导演自身水准不足，亦或是两者都有，动作各种掉帧，分镜各种凌乱，无法形成连贯的运动体系。这方面可以说完完全全被饺子导演吊打（《哪吒》就是现在娱乐性协调的最好的中国动画电影）。最后只能说，《深海》那个贴片预告比《姜子牙》全片都好看！
14,姜子牙变身以后磨皮效果不伦不类，七十的老头肌肤欺霜赛雪吹弹可破，可以去代言手机了：柔光自拍，照亮你的美。这个柔光效果简直就是对这部电影的隐喻：故事里的一切都是假的，都是为想象中的观众设定的。所以才会有那么多次强行催泪。最后一刻出现的鸿钧老祖，更是使得故事再入“皇帝是好的，只是被奸臣蒙蔽”的俗套。
15,不值得我在本可以睡懒觉的十一上午起大早去看 剧情太弱 画面我也看不出个所以然 中间的很多笑点有点不合时宜
16,画面更精美，制作感觉也烧了钱，但是总觉得花这么大精力只是讲了个“电车难题”的故事有点高射炮打蚊子，舍一人救苍生，宿命锁这些都勉强可以看成是对哪吒“逆天改命”叙事的变奏体。其实我更感兴趣的是，姜子牙作为“体制内”的游离者/出逃者，以一己之力对抗权力的故事，当然感觉这方面没法说太细，所以也只能隔靴搔痒点到为止。怎么说呢，就觉得片子的主题所有力气全都放在最终大战的那几句喊口号上了，结果呢，姜子牙跟师尊还是都受了罚，姜子牙觉得打碎天梯就可以改变不公，师尊以为统领三界就能够隐瞒真相，殊不知，一山更比一山高，big brother is watching you……所以这么看的话，这或许是部职场戏？
17,开场的几分钟还是很厉害的，之后的发展稍微有些乏味。整体看还是一部小文艺片的路数。更强调表达和传递世界观，不过传递的方式还是差了一些。
18,60/100，大概只有美术设计是亮点了，如果仔细看人物建模，还挺崩的。每一场动作戏的分镜和编排都是混乱的，几乎快要看不清。像这样经由大量剧作套路整合而成的故事，自然不会有什么大差错，但上限也不会高。另外这个还要解读成政治隐喻也是大可不必。算不上难看，最终结果也就是普通的行货。
19,在视觉上几乎无可指摘了，也觉得同一内核的叙事方式走到了尽头。大圣的故事动人，在于他第一次重新喊出了“我要这天再遮不住我眼”。到了哪吒，再喊“我命由我不由天”，已经是黔驴技穷（但我不喜欢哪吒并不只在于重复）。等到了姜子牙，仍旧是冲破枷锁。我们一贯喜欢宏大的叙事，这来自于我们的民族性。但曾经所有传奇中的角色，本应各有各鲜活的个性，分别有着各自的悲喜。如今却都被抹杀了差异化，他们只讲一个故事，只有一个执念，从不动摇，亦不成长。这才是弊病所在啊。
20,两星半。实际上还是我命由我不由天那套命题，但拍得更加保守，徒有华丽画面主线剧情一路泄气就算了，欠观众一场正面刚师尊的高潮戏就算了（所以砍断天梯后一笔带过交代对师尊的惩罚是创作者在害怕/影射/自我审查后的退而求其次？），最不能忍的是雪地里走路竟然没脚印……作为动画这种细节太减分了，十年前的单机都不会做得这么敷衍。
21,为没有刻板印象笑料而叫好，但写到人物关系递进的戏还是露怯，流向某种模板式的滑腻，情感太不自然——这似乎是国产动画剧作上的顽疾。仍是价值观之争，从哪吒的“我命由我不由天”到姜子牙的“这是什么天道”，一出白袍巫师的觉醒之路清晰铺开。前者是离经叛道惯了，在长期的不理解中爆发；后者则更为勇敢，在体制内选择自我放逐。善，只是一点星火，而漫长的十年悟道，是一个更惨烈的理想主义破灭的过程，令他痛下决裂之心。然而整起揭露可龃龉之处太多，最无可奈何是结尾借最权威之手拨乱反正——天外有天，人如棋子，逆天改命只是善意的谎言。
22,在豆瓣标记的第1900部电影赶上了一战封神的姜子牙。对我而言，本片是一部画面胜过故事的电影，再加上3D，所以激光IMAX是呈现本片的最佳打开方式，在视觉特效、美术设计、动作指导等方面都有较高的完成度。而故事层面很多人在讨论传达的个人主义价值观，并同家乡的集体主义构成对比。我反而更加主义的是导演拿小九作为苍生的代言人，我觉得不是太成立，拯救苍生是本片的slogan，然而全片不见苍生只见小九，从逻辑上来说我觉得不是很通顺。另外元始天尊利用九尾狐精的重要情节也几乎用旁白在讲，且讲得也不算很清楚。虽然套着封神演义的外壳，然而完全是原创的故事，因为电影一开始封神榜都已经结束了，申公豹也不再是死敌反而舍己为人了。相当于是封神演义后传。
23,完成度比《哪吒》好很多，画面精美，3D效果很棒，但故事简陋。救1人还是救5人的电车难题，由于姜子牙过于思虑，格局小到只见儿女情长，不见所谓苍生。剧情简单，造成感情表达像无病呻吟，极端的浪漫和至善显得矫揉造作。崩在“啃老”，而且啃的是西方神话的内核，中国古典故事的创造力毫无长进，只限于角色和画面。
24,虽然没有了哪吒中的各种刻板印象和无趣笑料，但《姜子牙》仍然显得乏力不堪，影片中动机最明确的人物只有狐妖，编剧甚至不屑于对姜子牙和小九进行真正意义上的人物研究，这也使观众和主要人物之间的共情几乎没有可能完成，四不相死去时的凄美配乐也只能让人感到尴尬。对dictator和genocide的隐喻让人振奋，但当它说出“师父的师父是师尊”时，我苦苦盼着下一句是“师尊的师父是苍生”，结果它竟然说天上还有个师祖，这让影片好不容易迸发出来的政治批判性瞬间变得苍白无力；如果说师尊象征着可见的权力，那么宣称为苍生斩除权力之恶的姜子牙仍被那只看不见的手操控着，所谓的底层立场和个体反叛最终仍是对科层制合法性的默认。中国动画还有很长的路要走，并且和其它电影一样，这条路上的障碍从不仅仅是技术落后或缺乏有创意的编导。
25,《子牙仍未知道那年夏天师尊做了什么》
26,没有封神宇宙，没有诸神之战，有的是姜子牙一战封神之后的奥德赛。一战封神是片头2D简略交待，之后是漫长乏味的流放之旅。内心的信念与外在的牵引交织，孰正孰邪，一人与苍生，孰轻孰重。貌似有着宏大的主题，但是宏大用更宏大化解就撑不住了，或者说崩了，一边想接地气，一边更虚无缥缈，完全够不着了。片子视觉效果确实不错，精细但不至于震撼。全片都比较阴郁、压抑、慢节奏，从人物内心到画面效果，有些设计还有些诡异，所以不建议带孩子看。
27,开场有被唬到，整体比《哪吒》好，比《哪吒》对原著进行更加大刀阔斧的改动，人妖神被重新定义，与现实联系，这种改动又非儿戏似的，而是严肃认真的，并实施在细节上的：天神群像的铁面与狐妖破碎的假面。看到快结束的时候，我在想难道国产动画电影和国产真人电影是两套不同的审查体系吗？以《夺冠》为代表的真人电影在表达个人体制对抗时总是频频受阻，而动画电影可以完成这套表达，直到看到最后“天外有天”才明白真人电影片尾那套拨乱反正的字幕在这里视觉化呈现罢了。
28,"3.5
勉强三星半，算是低开高走。相比哪吒而言抛弃了较多娱乐性，选择了些许作者性(个人感觉，可能存在），更面向于成人化的一方世界。关于个人/苍生的抉择命题表现太过于直白，深度也非常浅(也可能是我在姜子牙之前刚看了生命之树？）。当然哪吒的“拒绝角色脸谱刻板化”在姜子牙这里得到某种程度上的高质延续。叙事节奏上些许欠妥，口号性台词感还是过于浓烈。一方面来说，有抛弃低俗之优，另一方面来说，又有步入自我意淫之嫌，批判力度不足大概也与审查脱不了干系。至于煽情，我一向持反对(除了吴念真），对于姜子牙，我也只能说有点尴尬。PS我可能脑子抽了，居然感觉和马利克有连线？(一定是我刚刚看了生命之树！）"
29,美工和特效可以，剧情、节奏和人物塑造真的不太行……
30,十元结婚了，难过到在影院暴哭，我的青春结束了。
31,三星半。看的IMAX，之前挺期待的，看完比较失望：画面可以给4.5星，精致细腻，宏大有气势，美术设计水准很高；立意很高，从“救一人与救苍生”到“撕下神灵假面”，比《哪吒》有深度。然而，剧本很差！只能说勉强成立，几乎毁了精致的制作和主题呈现。除了姜子牙其他角色都很浅表，师尊面目模糊，申公豹一根筋（既然是自己偷偷下凡的，为何开始要以看守的身份对待姜子牙？），小九这个角色更是跟主题几乎无关，完全可以大量删减戏份，作为配角出现，现在浪费了大量剧情却无助于主题表达和姜子牙的塑造。很多设定没讲清楚，比如师尊为什么要给九尾那个锁？转世的玩意儿怎么就成了九尾召唤冤魂的工具，她之前有打算吗？故事缺乏张力和冲突，一路走一路打；搞笑和煽情都比较刻意；结尾忽然出来个师祖，几句画外音就把始作俑者师尊给处理了，过于草
32,彩条屋的动画工艺出类拔萃，完全不输好莱坞，线条流畅自如，色彩运用登峰造极，想象力也开出了花，这部电影在技术表现力上只增不减，但在文本打磨上就差强人意，对“封神”姜子牙的故事进行了重新的解构，点出了一人不救何以救苍生，个体与权利阴谋的对抗议题等等，还着重展现角色内心的拉锯与现实的混沌的相互制约，也算是姜子牙筑成仙道的公路救赎片，但是整个剧本的脉络和梳理，依靠于大量苍白的对话为引，叙事纹理倾向平庸的流水堆叠，姜子牙和小九也没烘托出人物之间的关系火花，各有执念各有意图，所以完全没有“哪吒”里那火热的使命感和剪不断的情缘来的荡气回肠又感天动地，不过是各自成全的公路情谊罢了，剧作结构效仿好莱坞，文本是小学生作文水平，技术是国内顶级流量，想象力是无限极的光，还可以继续期待彩条屋下一部巨作《深海》★★★☆
33,如果这就是中国动画的财富密码，以后都不会再看了。
34,彩蛋比正片好看。现在这些国产动漫都是什么毛病呢？伪劣3D就不说了，最后必定是一场撼天动地级别的奇观性战斗（《大鱼海棠》《大圣归来》《魔童降世》），一到这种时刻就开始不讲道理，各种矛盾，情节的、人物的、主题的，全都随着情绪和视觉的高潮一并消去，用非逻辑的影像空间解释逻辑，总是很顺拐。以及，我们除了神话故事真的就做不出其它题材的动画了吗？
35,作为商业片倒也没有那么糟，视觉OK，该有的场面都有。剧情其实立意不错，但问题是整体的节奏安排只服务于最后的悬念，却没有用人物个性去推动，所以拨开外壳就是一些描写空洞的牺牲、阴谋、拯救之类的东西，看起来有深度其实很俗气。继续加油吧。
36,"1.剧本太一般，几个人物之间的感情没写到他们生离死别之时表现出来的那么好；
2.为什么现在离婚率这么高？原来是因为纣王死了；
3.姜子牙，无政府主义倡导者。"
37,姜摩西出北海记。忠犬小四、忠豹申公各值一星，美工值一星。
38,全片最惊艳的是开头二维动画，通过3D的形式对二维动画进行了分层和拼贴处理，极具特色，可以说是最不向大众品味妥协的风格傲骨，其次是结尾贴片的《深海》，无论是画风还是制作都完爆《姜子牙》，而且是原创IP，田晓鹏冲鸭！说回影片本身，剧本略土，作为公路片无论是人物转变还是情感处理都太过于草率，过渡衔接过于生硬，制作方面比不上《哪吒》，渲染方式主要是大的色块组合，太像游戏了，环境这么渲染没问题，但人物也这样就显得塑料感十足，皮肤纹理不足，毛发过于粗糙，根本经不住巨幕的考验，及格都勉强。制作短板还表现在文戏长，武戏短，动作分镜快而不流畅，再加上环境普遍较暗整体细节缺失，动作就显得藏拙，全靠光影粒子嗖嗖嗖。另外，感觉整个片子的基调都不对劲，过于苦大仇深，配乐史诗感但缺乏起伏，一个人的故事就不要搞史诗啊喂！
39,"意识形态的诉求强烈，甚至可以说很直白了。以一个人的名义？还是以人民的名义？什么是最好的安排？姜子牙成了启蒙的化身，以不明白为起点。
可惜人物动机不足，几个主要人物关系也没有提供足够的动力，总体上显得单薄。
类型上杂糅了公路片，西部片等，也想兼顾喜剧和正剧，但想的太多，说理比较多，最终难以平衡。"
40,这个子牙不太冷。扬了长却避不了短，故事讲不明白技术再好也是空中楼阁，无法共情。以为学哪吒最后变个身燃个小宇宙就OK了吗，哪吒的成功可不是随随便便的，层层的情节铺垫和丰富的人物关系在这全看不到。本片的最大亮点居然是《深海》，这也太尴尬了。
41,6.9 锁到底用来干嘛的？姜子牙怎么突然变厉害了？天梯断了为什么世界就变好了？最后几分钟和喂屎一样，不过也挺真实的，这天外之天，神外之神基本上屁都没做。
42,编剧似乎就把看过的所有中二台词都塞进这部作品里，人物仅仅是把这些台词说出口的工具，于是无论是人物形象、行为动机还是情感连接都苍白无力，戏剧冲突都是硬设定的结果而非自人物而生的自然发展。剧本上的无力是国产动画的一贯硬伤，但这部《姜子牙》和之前的《哪吒》所呈现出来的让人不安之处在于，表面看似对权威的反抗，但内核其实都是对权威的拥抱。最后结局中只在言语中出现的那位“师祖”，彰显了主创小心翼翼的逢迎上意。作恶的只是中层的“一小撮别有用心的人”，上面的上面那位，还是好的，圣明的，那位最后的出现就像赐给了“钦差大臣”姜子牙“尚方宝剑”，不是颠覆了权威，恰恰是为权威正名。要我说，《姜子牙》才是今年国庆档的最强献礼片。
43,"马丁·西科塞斯《出租车司机》
琳恩·拉姆塞《你从未在此》
吕克·贝松《这个杀手不太冷》"
44,高开低走，人设动机不明，逻辑条理不清晰，中间一大段戏份昏昏欲睡。
45,莫名又臭又长，磨磨唧唧……美术设定加成。
46,姜子牙最后还是没有成功反权威啊
47,狄大人，下个月的工资评定，请对妲己温柔一点。
48,对于「电车难题」，姜子牙提出了一个很有价值的反思，为何存在这种困境，为何我们始终无法摆脱二元对立的思维局限——在这点上，结尾处不再被任何身份所圈定的姜子牙迈出了很多电影无法迈出的一步，他没有一味地归顺，而是对整个历史和世界结构做出了反思和行动。但同时，电影仍然默认的一点是，两个选项带来的后果一定是幸福或不幸的，这就又回到了问题本身，即否定了姜子牙作为一个具有代表性的反叛人物的一次部分成功的革命，瓦解困境、逆天而行之后，姜子牙仍然受制于更高的权威，所谓标准，就像肉身被毁元神遁逃的九尾，并没有被打破，反而更忠诚地被捍卫了。
49,不被界定的他者质疑极权统治的点子在现有环境里真是大胆，可惜对角色情感、立场的探讨流于表面且模糊处理，常常音乐已经用力在煽了，但是情景却完全跟不上，形成了高不成低不就的样子。
50,故事跟不上情绪，情绪跟不上特效。比起大圣和哪吒，姜子牙其实在故事上更具野心，但可惜创作团队本身对这个主题没有足够深刻的认知和理解，导致全片核心像喊口号，却没有足够符合逻辑的人物以及剧情去支撑，以至于既无法讨好小朋友（结束后有个妈妈问孩子好看吗，俩女孩异口同声“不好看”），又无法满足成人（左右两边都几乎看睡着），全场唯一同时在线只有彩蛋出来的那一刻。P.S.视觉效果是真的好。
51,看完电影出来下楼差点走了上行的电梯🙃
52,诺兰的信条，就像李安的双子杀手，亲手拍出自己导演最不好看的电影。一个纯粹用台词堆砌起来的故事，如果消音，观众能够得到的信息量几乎为零。这点在盗梦空间当年上映之后就一直被业界批评，看来诺兰是听都不想听，还把缺点放更大了。所谓的七国取景，全是些家门口就能找到的地方；所谓阻止第三次世界大战，看起来也像普通间谍事件般小打小闹。因为保密演员无法阅读完整剧本，以致许多人表演时只是单纯念台词，自己也不明白到底什么意思。
53,。己自了估高也，众观了估高兰诺
54,150分钟的电影，前面至少120分钟都挺无聊且沉闷的。不要因为是诺兰，就豪吹，跟看不看得懂没有任何关系，电影不好看就是不好看。埋再多的所谓“暗叙事”、玩再多的结构与技巧，也依旧不好看。在我看来，呈现出来的效果，跟李安的《双子杀手》几乎一样。人物都是工具人，看上去不明则厉，实则无趣。影片全程去掉配音，试试看，你就知道有多失望。
55,愈发能感觉出诺兰是一个很自恋的导演，且时刻散发着优越感（没错，他狮子座，这导致他掉进了自己的逻辑怪圈无法自拔。他不是用多好的故事征服你，而是用自己超凡脱俗的逻辑能力绕晕你，甚至让我萌生出被他踩在脚下的压迫感。他之前的几部同类型“烧脑”片其实还有所收敛，这一部就有点放飞自我了，通俗地说，对我等凡夫俗子太不友好了。是的，他的逻辑能力满分，我很佩服且自愧不如，但是我没办法从中感受到看电影的乐趣了，而是倍感折磨，因为我更像是在参加物理竞赛。他没有试图和观众平等的交流和沟通，而是冷冰冰的把这些庞大的信息量拍在了银幕上，你还没嚼透上一句话，下一句话又紧跟塞了进来。所以最后我带着一肚子问号走出影院的时候，我不禁感叹，做个观众太难了，这道题我不会。当然，如果你喜欢被虐，那你会喜欢这部电影的。
56,概念不新鲜，刘慈欣的《坍缩》已经写过，呈现出来也并不惊艳，因为概念只是被利用来营造视觉奇观，烘托商业场面。最要命的是人物和人物关系也很无聊，如果说《盗梦》和《星际》还有强烈的情感内核，这个片子的主角完全就是个工具人。不太喜欢创作者带着一种智力上的优越感，观众走出电影院，你看懂的程度是985，我看懂的程度是211，他写了篇分析长文智商Top2，这不是看电影，这是高考之后的对答案。
57,最大的亮点不是场面和概念，而是罗伯特·帕丁森最后一分钟的古龙时刻——在《敦刻尔克》的结尾，汤姆·哈迪烧飞机也是同样的古龙时刻，看到那种潇洒会让人觉得生活里的琐碎一文不值，但又仿佛照镜子般看见自己的狼狈。整个一百五十分钟，有感情的就这一分钟。
58,"诺兰用电影告诉你服用LSD的感觉。
TENET不应该直译为“信条”，看完你会觉得这片应该叫”天呐天” lol
@cgv明洞 "
59,给诺兰三星，其实就是零分了。一部他序列中倒数的作品，又或许是时候重新审视他一直以来是否都被“过度神话”。与其说“烧脑”，其实是“绕脑”，把概念、情节线索强行复杂化却又一直只在表层兜圈子，最终出来的效果就是异常割裂式、景观运动表象式的呈现。科幻电影中的“时间之谜”，令人着迷的其实是谜面建构过程中对“人之所以为人”的反观（如《降临》）。而诺兰在这部电影中所做的，如同帕丁森的角色一般，早已得知谜底后不断在时间逆流里往回揭露，但却困顿在了自己设下的谜面中，全然失去了以往的精巧、偶尔闪现的诗意。不得不吐槽黑帮总裁与贵妇这条支线，写得令人窒息——以往在电影院看诺兰能感受到的些许震撼，这次变成了尴尬得震撼。
60,"D / 回家路上问了自己三个问题：
①这150分钟里除了五方之外有没有任何一个值得记住的镜头或者任何一刻力量感的显露？答案是没有，所以为了五方加一星。
②难看的动作戏倒放一遍会不会变好看？答案是依然不会好看靴靴。
③诺兰自己信不信“不要试图理解它，去感受它”？我觉得他在最后时刻嗑两个男主的CP时应该是信的。
几乎在用每一分钟告诉你：我导演能力有多差，我的视听与文本如何脱节，我的叙事如何没有节奏感，我的人物如何干瘪空余耍酷的姿态，我的概念如何只能以最机械的方式推进展开。
全片就是：捉，襟，见，肘，四个大字。"
61,只能算看过，好比小时候看了一眼奥数题，然后交了一张白卷给老师。
62,为了看懂这部片贡献了三张电影票，蹩脚的幽默，扭曲的情感，过大的自我，每一场的观感都很差，三星给在诺兰将一个概念很好的实现了出来，除此之外也没什么可说的了。
63,"太失望了，最差的一部诺兰。
如果一部电影只是为了讲一个物理学猜想，那它只是《走近科学》，蹩脚的故事，蹩脚的人物，蹩脚的情感，看得我满头问号？
故事完整性甚至不如《终结者》。"
64,怎么讲，理解剧情确实要废一些脑子，但问题是，整部电影里没有一个人物可以让我 care enough to 动脑子…… 
65,看完零点场又去看早场，实在太失望了。摆好了凌驾观众的姿态之后，却充分暴露了诺兰只能用高密度台词解释高概念、戏与戏衔接节奏太赶的弱项，以背离基本叙事为前提，不顾连带的更多外部逻辑和因果漏洞，这才促成了所谓的烧脑和看不懂。在跟歌剧院观众一样被前两场戏催眠在座椅上之后，看到的却是视觉和动作的设计还不如普通间谍片，反派夫妇傻得可笑，技术被用于大量无效的场景。我做好了看不懂的准备，没想到越剖析越发现是空的。
66,其实是失望的：结构上没有做出大回文的流畅和惊艳，人物上想看帕丁森和主角的关系再深挖深挖，造型上时间的逆转没有空间的折叠那么直观明了，不是观众没看懂是导演真的没讲清楚，完成度和《盗梦空间》没法比。最后打光师可能不太会给非裔演员打光，好多处都努力试图看清男主的表情。奥斯陆自由港那场戏不错。
67,相信祖父悖论的人该如何进入这部电影？只靠一句what happened has happened这样的临别箴言？我不相信人的意志选择不会因对未来的参透而发生动摇，《降临》其实已经讨论过这件事了。诺兰不应该只醉心于物理学，也须花点时间选修一门心理学。
68,“去感受”，感受啥啊请问？！
69,虽然我从最后1小时就看不懂了但我也决定再也不尝试弄懂它。不思考不好奇不关注，看完就忘，不惯诺兰的臭毛病。
70,我觉得失望是来自于你终于发现诺兰很难再达到《盗梦》时期的天才级创意执行，有很多地方让人感觉概念有余，劲道不足。这场一如既往风味的诺兰式致命魔术很难让人拍手称快，甚至反而有点令人坐如针毡。
71,这是一辆没有乘客的过山车，我们透过镜头看这辆过山车翻转腾挪，但内心毫无波澜。
72,"寒风晓日映沙滩，日影沙滩竹报安。
安报竹滩沙映日，滩沙映日晓风寒。
       这叫回文诗，这样的诗我们有好多。诺兰导演你喜欢吗？"
73,最棒的部分是音乐。很多细节、台词和动作有一种莫名其妙想幽默但又没成功的囧劲儿。诺兰算是拥有斯德哥尔摩综合征影迷最多的导演了吧？
74,"2.5；在「时间」主题的探索路上越走越远&偏，宛如未来和过去的镜像互照，回文叙事的结构依旧花了心思。时间的正向推进与逆序流动，更让我想及《记忆碎片》的演练模式，然而这次诺兰几乎是放弃“电影观感”，而以高强度的密集信息快速塞入观众脑海，以一种几乎是强迫症式的“炫技”让观众上了一堂颇有难度的高精尖物理课，评价分化实属正常---反正于我，并未享受到观影的乐趣。

弊端其实在系列前作中已有显现：大量科学名词的直白解释（所谓烧脑更多源于专业知识的匮乏）；动作戏的杂乱无章；人物情感的高度模式化与强行设定，夫妻戏台词浮夸，反派立足点太弱；如影随形的电子乐与强节奏倒匹配，但存在感委实过强。

或许，抛却这些高概念，压缩一下拍部谍战片更精彩。"
75,脑海飘过四个大字——“没 有 必 要”
76,诺兰如果想要成为一代宗师，最迫切的应该是先治一下厌女。
77,感觉不是烧脑，是没有新意，主人公感觉就像Jojo黄金之风里的阿帕基，不就是能在时空里乱跑吗。。。。。。另外，三木孝浩那个《明日的我与昨日的你约会》感觉也就是这种东西。对不起，诺兰。。。。。
78,俗烂的剧情，不就通关升级嘛。没有概念就是八点档大路货。
79,影帝之子の面瘫演技大赏+摄影棚内景打斗集锦+俄罗斯寡头令人心酸的unrequited love+女一踩恨天高送儿子去幼稚园彰显母爱+高台跳水的自由隐喻+大型红蓝两队真人CS+男二夕阳辉耀侧颜煽情+走了几步回头没尽兴再煽一次（可能有遗漏那是因为我看睡着了小弟尽力了）
80,曾和朋友提及對《星際穿越》的觀感：開頭裝得像Kubrick，看到結尾才發現是陳可辛。Nolan就是如此反差萌，持續在媚俗與裝逼間左右逢源。就像《信條》這般在主題、人物、情感上皆庸俗到爛大街的電影，Nolan又一次依靠視覺奇情和故弄玄虛將你繞暈，令你讚美他很高級。「想像高級」和「自以為高級」，始終是Nolan掩飾蒼白和打造信眾的不二法門。裝逼你確實全世界第一，三顆星給視覺。
81,诺兰不拍片的时候应该多看看电影、电视剧和综艺，这类强设定真的挺“俗套”也挺容易露怯的。
82,二刷，算是把第一遍的疑问给搞懂了。最大的概念无疑来自于100年前卢米埃尔的《拆墙》。除此外整部电影则完全是一部黑人版007。从疯子手中拯救世界，炸毁坏人巢穴，甚至勾搭大嫂，都是典型的007桥段。诺兰把整个逆转时空的题眼放在了最后男主和帕丁森的告别上。他看透了命运的安排，泪送这个未来的朋友离开，是终结，也是开始。
83,那些“顺流逆流”的战斗场面还算有趣，副作用则是破坏了对动作片最要紧的“悬念”。故事和设定借鉴《终结者》+《你的名字》，毫无新意，只是嫁接到了特工题材，把好莱坞的各种俗套更加发扬光大。你们眼中的电影大师诺兰，在我看来无非就是个在电影的末法时代玩弄诡叙的工匠罢了。ps.讨厌一切靠“duangduang”的音效强行带节奏的叙事，蠢。
84,"就目前的观感来说，是诺兰最差。不太明白诺兰为何在敦刻尔克之后拍出这样的电影，像是在硬着头皮成全自己拍谍战片的心愿(前半段对这一类型语境的拙劣模仿导致节奏过分拖沓)，同时也抛弃了之前惯用的结构手法，使得电影本身也像是一个熵增熵减同时发生的混乱体系。当然动作戏是好看，但与此同时文戏水准真的是诺兰新低啊。不过或许可以说诺兰创造出了另一类游戏玩家式电影，一个不断复活的无名无姓者(赋予观看者命名权也即使之成为超越性的人物-所谓的""protagonist"")执行阻止邪恶大反派毁灭世界的任务，而所有npc的命运/功能似乎都一目了然。"
85,一旦牵扯所谓的高概念空想，诺兰立即丧失电影整体意识，回头看来，《敦刻尔克》像个意外。场面调度与蒙太奇构建是否称职，十多年来部部绞尽脑汁的设计把玩却依然粗暴生硬的第三幕平行剪辑说明一切，高潮戏灾难级的混乱脱缰造成一个全盘失衡的共振垮塌——只有零散的碎裂局部，动作和空间被强行捆绑整合。将最浅显的视听骗术包装成最曲折的通俗叙事，编码解码是他的原罪，其沉迷的只是煞有介事与控制欲，他无法离开好莱坞。并未看到坚持实拍带来的积极价值，物理特技十分糟糕，逆熵奇观不经意间竟形成了对实拍的某种嘲讽。华盛顿的主角融肖恩·康纳利的风流彪悍与罗杰·摩尔的优雅俏皮，却逐渐倒退为一个总是晚一步的机械的后觉者，人物让位给了扭桥，黑人邦德只出现在了末尾的车里。或许终归是成为不了大师的庸才，他在作品中痴迷的所谓科学永远是神学。
86,从成果上说很平庸啊，没有一个人物是成立的，人性在诺兰搭建的这个世界里似乎消弭了，这片子人跟人之间所有的动作都很虚假，比如女主一直强调儿子，船上丈夫提到儿子两次，诺兰连个焦点都没给女主，个人认为是极度糟糕的处理，因为作为观众，诺兰的技术狂欢感太强烈，沉迷解释概念，却忽视了很多不可被解释的事。对话又苍白无趣，人被处理得特别虚伪又虚弱。我觉得这个还挺糟糕的。人们去想象未来的世界科学和物理的变化，去放大外部和他者，却忘记了挖掘自身的可能性，说是本末倒置不过分吧。不过从电影精神来说，我给诺兰五星，这个世界需要勇敢的人，诺兰无疑是，李安是。这个世界上有这样的导演，本身倒是一件蛮温柔的事。
87,这个电影除了逆时间设定还有什么别的亮点吗？拯救世界的俗套情节，性格苍白的道具人，流水线的做工.....某种意义上说，电影是反理性的直观艺术，要了解如何把一套复杂公式整合到影像里的话，观众为什么不直接去上一堂物理课？热评里各种长评字数都快赶上博士论文了，里边人物放个屁都要解析一番。任何挂着二刷N刷噱头的电影都是耍流氓
88,《信条》结尾两男主道别那幕，有《你的名字》内味儿了。都是黄昏交错之时，都是灾后现场，都是时空旅行，都是第一次认识“真正”的彼此，都是阴阳相隔，当然他们也都会在未来重逢...今敏已去，新海诚当立啊！
89,"奔着倒带的视觉体验去的，但是居然没有基于倒带的战斗博弈，就只是单纯的表现倒带而已，大部分对抗靠台词说和看完自己想。
情感土土的，感觉反派是诺兰去俄国批发回来的，每年应该有五百多个俄罗斯土豪因为打了爱搞艺术的老婆而被CIA整死然后拍成电影，没有买卖就没有杀害。（但是看完回过神发现布拉纳可能是演的最好的了，其他演员像无情的念词机器）
因为追求真拍而放弃了一些方面的美术，大场景看起来素素的，特别是最后的决战，平地废墟，毫无风情。
还有就是打戏拍的真的太憨了，老毛病了，捶捶晃晃，哎呦哎哟撞墙。
总之概念是很好的，但是真的没发挥好，跟以前的诺兰作品没得比。也可能就是倾注于概念，刻意把表演，氛围，节奏……都挤压成碎片，那就需要很硬核的影迷，一片片捡起来，才能体会到其中滋味了。
"
90,预计会是分数最低的诺兰，观影体验比盗梦空间差三个星际穿越吧，都不想二刷了，上海影城cinity厅的音效也太好，全程无休的密集小鼓点敲得我脑仁儿疼。全片最佳竟然是帕丁森，“对你来说是结束，对我才刚刚开始啊”，我的天，一句话胜过整条尴尬的感情线。
91,可以，算比较好看的，也很谢谢美国人整天忙着拯救世界，而且在我们并不知道的情形下，真雷锋。
92,烧你麻痹脑呢！这么简单一个故事非要用“高概念”炫技的方式讲一遍、演两遍，有意思吗？我是诺粉我也看不下去了，白瞎期待这么久！
93,“推开时间的门，你是站在门外看不懂的人。”
94,算了吧，别吹得太过了，这片进不了豆瓣250，那些说要把别的片挤掉250的，恐怕要失望了！
95,才尽。
96,"将相悖流动的时间落实到每个动作细节上，执行起来确实是有相当大难度的，因为观众们就像是落水后需要稻草一样，每场戏都需要一个或多个“标志”/锚，来定位和理解他们眼前正在发生的两组动作。弹痕和同时倒塌又重组的楼，是非常出彩的两处视觉呈现，但大多数时间，观众可能就无措地迷失在顺逆时间线的夹缝里。
所以，不是《信条》的概念难懂，而是影片既无力又傲慢，没能把复杂的机制转译成有效的电影语言。最有意思的是，除了高概念本身，《信条》还用大量跳切、响得盖过对话的混音、特工片部分不明晰的行动路径和人物关系网，以及不说人话对很多事情好像懒得解释的角色们，进一步拉远了和观众的距离。
而当诺兰最拿手的奇观和动作设计没能达到最佳效果，他作品里惯有的情感空洞就暴露了出来。诺兰或许真的不懂人心，他也很明显地不再对人类有兴趣。"
97,需要承认的是，这个片卡了一个不难理解、但是落实到实际情况我需要花几分钟脑内演示的概念，于是成了谜语人片。我对诺兰最无感的是，在某个类型（SF也好战争也好），他最缜密的是制造过于理性的奇观，以及最卖座的要素，但即使是奇观并没有在类型上有多出格，而浪漫的余味也不怎么触及该类型的内核，只是一个外套，以至于并没有回味的欲望。《信条》其中一星给诺兰终于有那么一分钟，让这个SF的内核释放该有的浪漫，就好像工科生终于拍出了一分钟的文科情节一样。
98,还挺摩登的？因果，自由意志与时间的关系。时间可以是非线性的，但意识仍然是。其略微宿命感的地方来于每一个此刻都是正向和逆向时间的汇聚，但对于意识来讲，进入旋转门前和进入旋转门后的世界却有一个先后的线性关系，主体也是一个拥有记忆同一性的主体。这种设定一方面让时空必须闭合，不然会出逻辑悖论（祖父悖论），一方面又让人很怀疑是否能闭合，毕竟主体是线性而拥有记忆的。石头门的平行世界设定就来自于考虑到这个问题，这里就舍弃了后者。两次出现的我是protagonist台词让这个片余味很差。
99,诺兰沉浸在自己的世界不可自拔，信徒们沉浸在迷信诺兰的刻奇中不可自拔。作为一部电影不好看就是原罪，至于你觉得自己看出了宇宙真谛物理奇观，我佩服你的自我催眠能力。对自己诚实一点好吗？又不是做高数，有什么难懂不难懂的！？
100,和《盗梦空间》一样依然在拍「概念」，只不过放大了缺点，只有「概念」在卖弄，没有其他。就故事本身而言太平庸了，后半段还有些拉垮，全程靠密集的台词撑下去，而且台词写的太糟糕，剪辑师换了之后水平也大大降低，打戏基本没有看清楚的时候。有时候那些简单的比复杂炫技的动人多了。
101,逆转或穿越时空的电影看得多了，像这样顺逆时空并存的确是少见，甚至不惜篇幅把顺逆两个视角全部展现一遍才能讲得清楚，可见诺兰先生依旧是全世界最敢想敢做的导演之一。而且在制造热闹上也是很有一手，可惜概念归概念，即使把全部线索来龙去脉理清楚，这个故事似乎也没有什么大不了。
102,比信条更难懂的，是信条的短评。
103,其实设定并不复杂，基本上就是狄拉克的反物质理论加上费曼为了解决量子场中微观粒子相互作用而建立的费曼图理论。而抛开科幻设定，主线故事更是简单到了可以被称为简陋的地步，一个007式不断执行“不可能任务”的强情节商业大片。在这个故事里的人物塑造几乎没一个出彩的，而对于时间反演的视觉奇观化展示也过于简单直接，缺少审美上的巧妙设计。给我的感觉跟豆瓣上严重被高估的《暗黑》系列差不多。在我看来，真正的科幻设定，应该是对物理定律有了自己深刻而独到的理解后，设计出对于未来科学发展既合理又具有启发性的预测。当然，整体而言，这部电影在设定上其实是自洽的，BUG并没有很多评论所想象的那么多。真正的BUG反而是，熵减根本不是电影里说的这个意思。
104,《信条》汇集了诺兰创作生涯中大部分作品的劣势，而非各自的优点——对绝对理性的叙事追求吞没了影片的情感驱动力；时间作为技术控制甚至奴役着人物，无力的后者仅能对此作出消极的反应，正如诺兰电影中向来被剥夺话语权的观众。如果说正向时间中的运动是发散状的，那么逆向运动则有着“收束”的倾向，作为影片高潮的废墟城之战同样遵循着收束结构，这让“最后一分钟营救”的蒙太奇语法变得出奇困扰——它试图建造一个时间迷宫，却使观众与银幕人物间建立认同之关键的视点迷失其中。除了剧组花重金购买（我仍没有想出其必要性）的飞机撞击仓库之外，影片实际上没有真正的现代意义上的奇观，因为所有的逆向动作在数字电影诞生前便能完成。由此，作为好莱坞帝国殖民者的诺兰无意间消解了他自己擅长的话语，《信条》不幸地落入技术主义的limbo当中。
105,概念本身足够颠覆，对“时间”的探索仍在继续，只是没想到有生之年诺兰先生能拍出这种完全用“奇观”去遮丑的电影。
106,诺兰居然在正向/逆向时间的概念下讲了一个如此乏味而老套的故事，“拯救世界”的剧情设定与人物都很贫瘠苍白，所谓的时间线懂不懂并不影响理解这个故事，或者，诺兰只是意图用所谓复杂难懂的时间线掩盖故事的贫乏。以及，诺兰在配乐参与叙事的路上越走越远了，震得我心脏病要犯了......
107,诺兰最不值得一提的作品。
108,(肯尼斯布萊納的馬景濤式演法Orz)這對奇異的怨偶組合才令我感覺燒腦……
109,诺兰变成彻底的形式主义者了？看不看得懂都是其次，而且除了顺时逆时的转换有点头大，其他没什么看不懂的，关键是，讲清楚故事是最起码的吧？要是啥片子都要二刷才看明白，那咋不拍个上下集？一样赚两趟钱啊。
110,诺兰玩他那套方法论已经魔怔了，这部愈发的没有意思。故事已经不存在了，只剩下结构。
111,能把复杂问题和情感简单化普世化称之为大师，把简单问题和情感复杂化玄虚化只能称之为神棍，过去看每部诺兰电影的感觉都是卧槽牛逼，但都又不喜欢，现在终于明白为什么不喜欢这个导演了，就跟看神棍的感觉是一样的。先靠逻辑自洽的戏法给你糊弄一愣，回头寻思过味，这都哪儿跟哪儿啊。
112,诺兰还是那个诺兰，只知结构美而不知结构为何而美，建议找几个帮派分子把他给绑了，用枪顶他脑门上逼他即兴用六七十年代黑人音乐为主题拍部片子，也许可救。
113,真的会有人为了所有人物都像游戏里半路冒出来的无聊npc、故事又平平无奇的这么个电影跑进电影院N刷就为了弄懂导演的些花招到底讲了个什么吗？（诺兰，你写女的比盖里奇还烂
114,集中展示了诺兰的弱点…格局小，情感落脚点无聊，人物立不起来，配乐吵得要死…小空间内的逆时间拍得还算有趣，后面的大决战仿佛把Inception灾难性的雪山戏拖长了十倍…
115,三星半吧。不是我装逼刷低分，是真的觉得没太大意思。你别担心看不懂，诺兰比你还怕，台词交代得密集得跟走近科学似的。其实“烧脑”噱头撇开，你只要不为了搞清每个细节，根本不难理解。情感线一如既往地“直男编剧才写得出来”，都是工具人，就嫩牛五方还有点人味。
116,我像个机器一样，不动感情地看完，情节讲得还蛮清晰的。不过，在创作上，让情节做到常人难以理解，是最容易做到的事。而所谓艺术和创造，在某种角度来说，恰是需要用简单易懂的情节，来讲述看似不可能讲述的复杂的事。
117,Kat全程尬演“我是谁，我在哪，为什么”，最后还在那玩防晒呢，玩一瓶还不够的样子，Andrei电话都打成那样了还不明白她想干啥呢，男主片尾看着Neil居然哭上了，没想到是这么矫情的辣条
118,星际穿越对接加配乐确实震撼，敦刻尔克依赖炸耳朵撑气氛尚可接受，信条简直是到了“你那么大声干什么啊”滥用音乐的地步。流程通篇动作戏＞说话＞动作戏＞说话＞动作戏，上一次节奏这么死板的电影我记得还是被各种骂的风语者，对白为说而说硬得离谱，故事随发展不断压缩格局后面我已经放空期待，男主演技也并不理想，无聊的故事靠复杂化还是无聊，控制不住想到时空线索和终结者黑暗命运，配乐就算上hanz zimmer也改变不了什么。有几段戏挺不错，但我还是觉得这片装得有点过度了。
119,因为感情线太弱，整个观影没有什么愉悦感，倒是像在听一节竞赛培训课，老师自己讲得很投入，台下百分之八十的学生都在硬撑着不让自己走神，于是有一半假装自己听懂了，有一半准备放弃这门竞赛。
120,看得我抓耳挠腮，前一个小时一直如坐针毡，人物动机和细节根本不能推敲，感觉非常土....配乐动次打次，尤其是女主和她的霸道总裁老公设定，啥啊.....这么说吧，就是一部浓缩低配版的《暗黑》，还没有《双子杀手》好看，不是，比《双子杀手》还要难看，如果撇去时间奇观完全就是一部ppt电影。而且这个剧情到底有啥烧脑的，时空大门的设定就很好解释了一切啊.....未来的穿过去，同时遵循物理规律，只要视角一直跟着男主就好了，那么简单的东西怎么会搞得那么复杂，更可怕的是，用来解析的影评又把它更复杂化了....没必要。
121,【B－】《敦刻尔克》有多让人惊喜，那《信条》就有多让人失望。前两幕仍然是诺兰的调性，当IMAX画幅铺满银幕，当实拍的时空逆转效果呈现在眼前，观众大多都会忽略人物动机的草率与缺失，直到第三幕。诺兰终于超越了自己在《盗梦空间》所达成的「调度灾难」，并将其上升到了一种全新的境界。“时间钳形行动”这个惊人的概念在诺兰手中呈现的结果是影史灾难级别的剪辑灾难。IMAX、胶片摄影、实景拍摄、多线叙事，这些他曾经狂热而痴迷的作者印记，现在成为反噬电影本身的“罪魁祸首”。诺兰已经跌入「迷失域」的边缘，如同《致命魔术》的主角一般走火入魔。这种境遇似乎和李安类似，但好歹李安所丢失的是自己曾经所擅长的，而诺兰这次是全方位无死角的放大了他那该死的缺点，前者只是可惜，而后者就是完完全全的蠢了。
122,IMAX*和平。巴赫的螃蟹卡农用两个声部分别演奏正逆旋律，在诺兰这里，是用两种运动（也包括配乐），来呈现时间的双向叠加、或不如说复调，且不说物理上的瑕疵（光没逆），更深的问题在于，电影的播放——作为第三种运动被割裂开来，铺上一道因果顺序的阴影，在战场戏尤其明显，各行其是的动线带来对共时性感知的破坏，变成一种眼力游戏，而任意门的设置加剧了这种游戏感，把影片定调为终结者、前目的地之类的时间任务，再一次，为了讲完一个故事，诺兰将充满不确定性的概念，坍缩为机械决定论的通关——人物在对宿命的接受中完成英雄的弧光，一道技术的糖浆，洒在一套类型化的观念上。有点可惜，诺兰很善于把概念故事化，这部甚至换上了更先锋的音乐，但没有对电影本体的反思（like黑镜特别篇），电影对他好像只是一张乐谱，而不是心的振动。
123,就是像编程，不像电影。这样的创作，有点像人机大战，nolan无疑靠在了机的这一边（今次几句情感走向的台词都蛮像大数据筛检出来的）他或许会进化得更精密和庞大，然而科技终将造出一个nolan II 取代他，这就是nolan悖论呀！
124,“……恨爱起泛海浮”起响会为以，候时的别道中墟废在员演男个三。题问的好讲事故把有没次一又兰诺是，题问的脑烧不烧是不
125,诺兰这次用高艰深死命砸观众，结果玩脱了，《星际穿越》时隔6年影院重温还是会被感动，而这部《信条》搞懂了就不想再看哪怕一遍，这就是区别，而且漏洞还真是不少啊。
126,。己自了估高我是
127,？
128,"媒体观影归来。在商业片领域，以如此大的规模展示双向时间线，《信条》是第一次。故事不难，预告片交代得足够清楚：未来，人类发明了一种逆转时间的技术，引发灾难。主角奉命拯救世界。

比较要命的是，这项技术并非传统的时间旅行：把你送回过去，时间还是【从前往后】流动。而是让时间倒着流，【从后往前】。字面意义上的【倒带】。

你会看到：1、视觉上的逆行 2、物理法则的逆行。鸟倒着飞，人倒着着走；下雨了，水往高处流；开个枪，是接住飞回来的子弹……正、逆两种时间，在同一空间里直接接触，爆发视觉奇观。

人类看不见时间。那我们是如何理解时间的？答：通过时间留下的痕迹。本片的做法，是把时间“空间化”。

建议一刷就专心感受逆向的时间在大银幕上扑面而来的快感。"
129,硬科幻，“强”剧情。思来想去，还是只能给个三星。
130,这个电影可能只拍了一天，从早拍到晚，因为机位多，硬是剪出了两个小时
131,重要的事情讲三遍吧
132,"1、没有紧张、没有惨烈，剧情拖沓，可以砍掉一半时间；
2、太多的镜头重复，为了让张译上位，至少10分钟垃圾时间给了他；
3、感觉这是场没有组织的战斗，中美都那么几个人在玩；
4、农村戏班子的水平。
5、主旋律，给6分，无聊时凑合着看吧。"
133,低配版《敦刻尔克》，有点超出预期，三个导演的风格合成一个，还真看不出那部分是谁拍的。最后说一句，张译是真的牛！！！
134,就一个主线反反复复的拍几遍，使整部电影离散得没了看下去的欲望，已经赤裸裸的在写诗歌了，其他的点是不是合理已经抛诸脑后，只不停的问，这些我都知道了，后面还有吗？结果后面啥也没有，与其看这个，不如看一部实事求是带解读的纪录片，要精彩得多，年度期待，失望扫兴！5分
135,张译生动诠释“如何拯救电影”
136,不信神的工兵在金刚川上演魔法，信神的牛仔在苍穹目睹神迹。这桥是通往安宁的路，纵然断了手臂，也要把当阳桥喝断。纵然败走麦城，也要把荆州守好。因可敬的对手前往地狱是幸福的，却有人从此闻着焦味在人间犹如地狱。想不通木桥为何会复原，断桥为何能撤军，不知这个国家，用血肉筑起过多少前行的桥。
137,想学诺兰的《敦刻尔克》，但是很明显没有那个能力。
138,"《八佰》是赵云，长坂坡单骑救主，《金刚川》是赵云后面的故事，连角色名字都明示了，张译叫张飞，吴京是关班长，「长坂坡前救赵云，吾辈张飞，莽撞人」，张译死前的这句唱词直接是把管虎的心里话都唱出来了。

可不就是为了救《八佰》吗。

单说质量，优点和缺点都非常明显，离《八佰》差很远，重复镜头实在太多，看得人特别累，但是三种视角的形式，真的很聪明。

张译那个视角是重点，演得太好了，美军的视角是亮点，这种时局里，把美军也处理的有血肉像个人，很好，很难得。#7分"
139,张译是很不错，可是有必要一个故事讲三遍吗？
140,志愿军是伟大的，但这电影赶鸭子上架，着实一般。虽然已经猜到了剧情，但《桥》依然震撼了我。
141,个人英雄主义好严重……
142,一星给抗美援朝保卫国家和人民的战士们，一星给张译，一星给我的祖国。
143,未做完特效版和最终版都看过后，会对三位导演多出一份敬意，5000人同时作业两个月打包完成的执行效果算是非常惊人了。这样的结构编排还是因为拍摄时间太短、素材太过有限，这倒是逼得剧本编排不得不严丝合缝。罗攀处理影像时油画向的做法，也紧扣了命题意义。影片最大的问题来自场景衔接上的生硬，台词表达上的刻意，第二段中尤其突出。当然，参考影片的最终诉求，在这个特殊时间点通过影片传达出的煽动性，算是实打实的超标完成。
144,叙事方式不喜欢，重复镜头太多了
145,重要的事情说三遍！！张译演技撑起来了 🇨🇳🇨🇳
146,非常讨巧的立意和叙事手法，但是后半段有些重复乏味了。
147,仍然是“向我开炮”的一种变型，语气变了，内核没变。玩弄结构本来是为了让人们从不同视角看待一个事件，能有不同观念和批判性思考，但在这里，不同视角变成了英雄主义史诗合唱的不同声部。
148,其实相比《敦刻尔克》这片更让我想起《血战钢锯岭》，影片对于血腥场面和暴力的描述，更令我印象深刻，连京都变成血雾了，也是非常刺激，反正我还挺嗨这种点的。这片最厉害的在于，这么短时间可以拍出来，尤其特效量还这么大，当然，片中的很多遗憾也来自于此。
149,冷锋打炮，龙小云看后会怀孕。
150,"一部中规中矩的电影，不过考虑到工期，已经相当不容易了。非线性叙事很聪明，增加曲折节约成本。刻画了志愿军的牺牲。
问题是情节过场化，人物工具化。或许这是赶工所致，又或许如戴锦华老师评《八佰》所说：“我们好像丧失了进入那段历史的能力。”
另，军事历史细节仍需加强。"
151,监制是诺兰还是盖里奇啊？？
152,管虎这是要接任新一代国师的节奏啊。工业水准是不错，流程管理大概是个新标杆（急就章+5000人团队的后期，想想就是个噩梦）。可能基本问题还是出在战史事实与电影，以及很多非电影因素根本性的冲突上。虽说我军是基建狂魔，但这种灯火管制水平和战术水平……所以真正说出事实的还是作为“对手”而不是“敌人”的美国，以及要单挑和同归于尽的决心吧……编剧组归在管虎组名下的（可能根上还是[兵临城下]？）。管虎作者性：方言，白马，大爆炸。（以及据说郭帆拍棚路阳拍文戏）。三个视角之间靠字幕和重复镜头来找同步，也不够讲究（看起来就像是用来救剪辑的方法……）。以及，影片对我最症候的一个点，反而是片尾那段沙盘+虚拟摄影机的“英雄群像”段落，直接的视听语言来源是[复联四]嘛……
153,赶工痕迹明显，吴京张译很稳
154,两个月拍完剪完后期做完，真是中国主旋律奇迹。低配版敦刻尔克，第四章最震撼，长镜头不错，前三章略平且有不少重复画面，降低观感。看不出三个导演的分工，剧本有八佰的影子，演员也直接挪用过来。三位都是有追求的导演，但就是，实在太赶工了。
155,一座桥，两门炮，三次死亡重演，三个段落看不太出来每位导演的风格区别，只能从驾驶载具絮絮叨叨的老外和片尾电脑动画雕塑上看出是郭帆从《流浪地球》延续下来的。三导演拍一故事，本来就带点过去港片“群英会”形式的实验+贺岁，片中遮天蔽日的巨型轰炸机也不无九十年代好莱坞大片的夸张炫技味道（开小飞机的外国人像《独立日》里那大叔+《奇爱博士》戴牛仔帽那位），其实是用娱乐片模式的视听去讲一场壮烈死亡，中间那段捎带敌方视角，用敌我两方的牺牲说大概同一个事，还算不是那么强词夺理。三个主角刘关张，巧用《三国演义》，把《敦刻尔克》拿进中国语境，还是能看到郭帆在“西为中用”方面的绝顶聪明，他最懂得如何诙谐地、轻盈地挪用常见元素，他是一个能让“老生常谈”发光并激发幽默感的人。最后张译和所有战士的身体奇观挺像暴力剥削片的。
156,两部管虎让我感受到了他对肉搏过桥和唱三国京剧壮胆的迷惑执着……可能因为八佰太差期望值低，竟觉得还行。先说亮点: 三颗星给张译，八佰可委屈你了，邓超和你的演技之间隔着十个吴京；出现了美方视角叙事线而且不搞丑化脸谱化，像是两个战场老兵的对决。再说缺陷，人物行动太齐整集中，像是为了强调戏剧性把一群人统合成一场题为冲桥的舞台剧排练，据说真实战场可能更分散更灵活作战，看到邓超骑着马招摇过市喊大家趴下隐蔽，我都呆了……所以英文名更贴切，这些人物不是为了打仗而是为了牺牲塑造的。
157,如果素材多一些，空中特效再好一些，会更好看一些。这么血腥残酷，血流不止，是不是该分级了。
158,"20201021英皇提前活动场
#局外人看电影#
3.重复性镜头很多，但更多是为了填充时间，三个月拍太赶了拍不出好电影的…然而这不耽误我向为抗美援朝战争付出过血和泪的所有前辈们送出瑞思拜！"
159,这个戏最大的症结所在，就像戴锦华老师评论八佰一样，在这个历史语境之下的文化创作者们被历史地切断了。在文艺虚构之中与历史迎面相撞，粉身碎骨的一定不是历史。
160,不懂美军视角的意义是什么 作为电影注水严重
161,6.5分，普普通通，没啥新意……而且非线性叙事的视角选择，同质化严重
162,跟《八佰》比差了段距离。结构上借鉴《敦刻尔克》《刺杀据点》无可厚非，主要是内容干瘪，形式就成了撑时长。群戏依旧差，特效依旧国产渣水平，格局非常小，小到成了个人化的仇恨对抗。前三段一塌糊涂，全靠张译演技撑，第三段高潮不是悲壮，而是被仇恨吞噬的疯狂。最后一段才有点质感和电影美学。整体松散无力，比较拉垮。
163,三颗星，一颗给张译，两颗给最可爱的人。希望导演能去了解了解金刚川到底是怎么作战的，掩护大部队却连简易工事都🈚，站在平地当靶子，志愿军不是以人海战术取胜，而是精神信仰和战术。
164,完成度真的低。静静地流水叫湍急，敞篷飞机戴牛仔帽，就很扯。这是个值得尊重的题材，应该有更真实更有力量的表达。
165,第四章开启的大型歌舞表演直接拉了大胯……
166,遠看很好，近看很草。電影的成為閃光點從純粹的軍隊兄弟情出發，那就證明它已經失敗了，「神聖驅力」和神聖暴力確實不是一回事
167,就这么说吧，如果八佰是十分，金刚川就是一分，就美国佬那部分还行
168,"看完金刚川我明白了四个道理。
1:钟馗延迟爆炸伤害是很高的！
2:只要做好视野，C位就能稳定安全输出。
3:百里守约拖节奏，四大皆空，禁了。
4:后期经济再高，阵容再强也敌不过120分钟后的超级兵。
"
169,"有条件要上，没有条件创造条件也要上，能在2个月拍成这样的主旋律战争片已经很不错了，还要什么自行车。
第一视角中规中矩，但是内容太满了。
第二视角美军视角拍的太扯了，也可能是有意为之，为了暗示美帝都是纸老虎。
第三视角张译是全片的灵魂所在，完全揭示了管虎导演的意图：张飞救赵云，金刚川救八佰，感人。"
170,1. 两个月的拍摄时间，作为战争片在完成度上来讲相当可以了，管虎这种三视角同一时间展开的办法不得不说太聪明。2. 美国飞行员的视角，大量特效镜头+阿鲲作曲可以确信是出自郭帆手笔，《高炮班》《士兵》两段不太确定。倒是管虎《八佰》里的惯用技法和老毛病还是能体会到的。3. 张译短时间内又完成了一次高难度表演。4. 观影过程中目捕捉的各种细节，比如待完善的特效，重复发生的镜头和台词，拧巴的节奏，头尾过长的介绍，还是得感叹电影这东西还是得需要时间打磨才行。最后，个人喜好程度《高炮班》>《对手》>《士兵》。
171,都是优秀的幕后班底，成片有很多遗憾，可也不能怪他们啊。第三段佳，张译是最大看点，郭帆的导演能力还是让人担心。片尾的志愿军英雄雕像环绕镜头，直接搬自复联2...
172,咋呼的结构以为敦刻尔克呢，煽啊燃啊的往勇闯夺命岛奔去（我最被催泪的战争动作片），结果不就是展示化妆特写的金刚狼。
173,多线叙事本来很期待的，但是几条线的内容基本一致，毫无悬念且剧情一点都没推进，看两遍也就算了，还继续来几遍是真的有点疲劳了，除了演员的演技和片花烈士遗体回国很感动外，这剧毫无吸引力。
174,全片具有一种壮烈美，油画质感的调色增加了厚重感，高炮兵和轰炸机的交火紧迫感和冲击力兼具，阿鲲这次也交出了不逊于汉斯·季默的配乐。张译一个人调动了整部电影的情绪，基本提前锁定影帝。不过看得出借鉴《敦刻尔克》的痕迹，但剪辑还是太糙了，三个导演共用了素材，导致重复镜头略多，看起来有些单一。
175,看的时候一直在提醒自己：这是夸张的手法，这是艺术形式…整部电影最感动的时候是电影结束后的新闻，欢迎回家。
176,为什么这些导演觉得旅游村、度假村可以代表中国农村呢？
177,也就徐峥的《最后一课》能看吧
178,全明星阵容，小品式的剧情，每段还配首歌，惠农政策和农村新貌展示一遍，加俩主持人串场就是春晚了。
179,最后一课＞神笔马亮＞北京好人＞回乡之路=UFO，表演方面能看看范伟老师和韩昊霖，求求别折腾葛优老师了，心疼。PS，陈思诚、徐峥、邓超都拍了老婆，真的就…各有各的境界吧。
180,春晚大杂烩，情绪轰到那儿了，你不哭都不行。别管真与假，眼泪是真的。咔咔哭完，出来一想，为什么哭了？自己也想不明白。
181,包装春晚，开箱村晚；除压轴的开心麻花单元外几乎都趋于尬笑还非要硬拔高的小品范儿。国庆档真正的新片即便都由聪明人操刀，可外表再精致都没能藏住玩命赶工的窘态，这样的复工速度绝非良性电影市场该追求的样态。
182,前三个故事不错，邓超+俞白眉真的是不出意外的垮+尬。
183,如果说去年的我与国还有那么一点用心，今年的我与乡真的尬死我了，真的求求现在的导演不要一拍电影就拍喜剧，那些烂梗真的不好笑，让人尴尬起反作用。徐峥部分还不错，邓超那部分其实也挺好，开心麻花有点小浪漫，宁浩和陈思诚，真的尬，还放在第一第二部分，差点就想离场。
184,沈腾马丽的《神笔马亮》牛逼，单凭一己之力让我把片子给多一星。其他单元真的十分so so。
185,神笔马亮最佳！！没话说！！我的沈马组合，圆满了！
186,怎么能这么无聊……除掉最后一课还能看点其他都是什么
187,做作 适合老年人观看
188,"全都是小品的模式，前半部分是喜剧，后半部分升华一下，很生硬，甚至很尬。
只有《最后一课》像一部电影，《北京好人》和《神秘马亮》一般，《天上掉下个UFO》和《回乡之路》垫底。
《最后一课》用老范生病为引子巧妙连接一座城市的过去和现在，1992年和2020年。
老范得了阿兹海默症，什么都不记得了，连儿子都认不出来了，但还记得28年前学生的鞋子破了、不会算算术、没有颜料。
《北京好人》太短了，拍得不够透彻，不如前作《北京你好》。
《神笔马亮》无功无过。
《天上掉下个UFO》故弄玄虚，虎头蛇尾。
最后应该再加一段，揭晓UFO是假的之后，结果真的UFO来了，但大家都不相信了。
外星人入侵地球，冷锋出现了，说道：犯我地球者，虽远必诛！
《回乡之路》题材很好，但导演水平太差。邓超是个好演员，但的确不适合当导演。"
189,感觉看了一个春晚小品合辑。整体来说挺失望的，又想搞笑、又想煽情，落点又还得弘扬主旋律，也是难为你们各位了。
190,葛优都第一段故事还可看，后面就塌了。这不就是春晚小品串烧吗？有点笑料，最后升华，诠释政策。
191,除开《北京好人》 基本都属于杂耍式喜剧拼贴 僵化的乡村想象 命题作文本应主题明确 但有的导演甚至无法讲完整一个故事 最大可取之处大概在于单元间的衔接较《祖国》有进步 有桌面电影内味儿 演员方面范伟可以称神
192,最喜欢徐峥和开心麻花的单元，让人哭着笑着，触动不同家乡的观众最共情的点。其他三个《北京你好》平平，陈思成的夹私货太严重像网大版唐探（不及格），邓超的有点大而空。
193,其实不太及格。。。其它都不提，就光剧情水平就比上次我和我的祖国至少差一档的水平。其它可能得罪人的话就不说了。挣钱嘛，不寒碜。
194,整体质量参差不齐，相比之下孰好孰坏，一目了然，真的是导演之间勇气的厮杀。有点像刷抖音，这种电影更适合做教学。下一次如果还是这种模式，我就不会再来了。
195,优点是没有了主旋律的明确束缚，再加上是喜剧定位，整体就放开了不少，缺点是五个故事水准明显参差不齐，葛优的故事不如去年祖国里那个，节奏不够紧凑，且他在表演上的过于用力反而逊色于素人的表现，陈思成的明显就是个闹剧，看似高能实则空洞，徐峥的明星众多同样用闹剧性消解了故事性，也是五个故事里唯一硬煽情的，邓超的整体最尬，观感也最差，沈腾的作为喜剧完成度最高和其他几个甚至不在一个水准，作为收尾也挽回了前几个故事的种种乏力，总体上这片可以算是摸出了主旋律献礼片的新拍法，主旋律宇宙看来是指日可待了
196,五个不同的故事，不同的风格，最喜欢的还是徐峥的《最后一课》，《天下掉下个UFO》次之。全片都非常的温暖，笑中带泪的同时，还能唤起大家对家乡的思念。毕竟俗话说的好，哪都不如自己家乡好。
197,总体不如祖国，电影感太差了。宁浩搞什么呢，全靠葛大爷给他撑口碑，不然绝对被群嘲。陈狗正常水准发挥，节奏好而且不煽情。徐峥的之前被吹得太高，以至于看的时候觉得也就那样，而且前半段太闹腾了。邓超也是一贯水准，灌鸡汤，好在短片时间短灌一灌还行，如果是长篇又是一部银河补习班。麻花不错，麻花的黄金配角阵容都太讨喜了。
198,7分，各有优劣。我的顺序应该是3＞5＞1＞2＝4吧，类似这样。有意思的是，五个故事背后都藏着一个做局或者骗的梗，这也是做喜剧比较方便的一种方式。在各自的命题下，大家的表现也能看出几个创作者的格局和爱好了。
199,国庆都能当春节来过，电影当然可以当春晚来拍：中国特色的魔幻现实主义。其实五个小品加在一起，都没最后那首“一条大河波浪宽，风吹稻花香两岸”来得有力。我也想我的家乡了…
200,五个不同的故事，不同的风格，最喜欢的还是徐峥的《最后一课》，《天下掉下个UFO》次之。全片都非常的温暖，笑中带泪的同时，还能唤起大家对家乡的思念。毕竟俗话说的好，哪都不如自己家乡好。
201,总体不如祖国，电影感太差了。宁浩搞什么呢，全靠葛大爷给他撑口碑，不然绝对被群嘲。陈狗正常水准发挥，节奏好而且不煽情。徐峥的之前被吹得太高，以至于看的时候觉得也就那样，而且前半段太闹腾了。邓超也是一贯水准，灌鸡汤，好在短片时间短灌一灌还行，如果是长篇又是一部银河补习班。麻花不错，麻花的黄金配角阵容都太讨喜了。
202,7分，各有优劣。我的顺序应该是3＞5＞1＞2＝4吧，类似这样。有意思的是，五个故事背后都藏着一个做局或者骗的梗，这也是做喜剧比较方便的一种方式。在各自的命题下，大家的表现也能看出几个创作者的格局和爱好了。
203,国庆都能当春节来过，电影当然可以当春晚来拍：中国特色的魔幻现实主义。其实五个小品加在一起，都没最后那首“一条大河波浪宽，风吹稻花香两岸”来得有力。我也想我的家乡了…
204,前作过于参差不齐的断裂性，终于稍作消缓。每一部短片都有很精当的表演，尤其范伟，而张占义和韩昊霖是惊喜。同时，也有很精心的钻营，当命题压轴登场，就容易摧毁前期构建。总体看下来，大富大贵后能演好小人物的不少，但演出共振的屈指可数。
205,我是为了张占义来看这部电影的，草根里的喜剧之王，太好笑了。葛优和范伟的两段最好，不过我比较喜欢葛优这段。最讨厌神笔马良，很多人喜欢这段，我知道你们只是喜欢沈腾和马丽（或者只是喜欢沈腾），刨掉两个演员来说这一段的故事真是烂到爆灯，我已经厌烦看“女人撒泼不懂事但最后被男人的大爱无私感化”的故事了，不懂事又妨碍男人的泼妇是开心麻花电影的标配吗？这一段的编剧和导演可以去拍最美逆行者电影版了。
206,有这样的导演和演员阵容，只要剧本不是很差，基本上不会难看。确实有很多地方都挺好笑的，心情愉悦。至于那些动人的段落，我不行，毕竟是命题作文下的作品，非要煽情，总显得生硬，我想哭却哭不出来，只有尴尬像海。
207,陈思诚真的很敷衍…
208,王宝强真的是越看越尴尬
209,赤县各乡镇联合举办的国庆大型文艺汇演。点名批评陈家沟出的小品节目，不仅不好笑，还带着进城务工多年的傲慢，连村头在哪儿都没摸清就开始尬演，还不如换成村里土生土长的赣娃子搞的先锋话剧。
210,也就徐峥的《最后一课》还不错，情感张力很到位一点儿也不觉得生硬。其他的除了宁浩的和开心麻花的也能勉强一看外都是屎
211,最棒的还是宁浩的《北京好人》，奠定了全片的感情基调；第二个陈思诚的《UFO》相比较就太尬了；《最后一课》也挺感人，范伟演技浑然天成；《回家的路》文本太重，表演痕迹重，太不真实；还好最后的《神笔马良》足够搞笑，煽情适度不算过分。从一处村路两边被P上护栏就能看出，影片并不敢表现出“家乡”的真实样貌，毕竟献礼片，整体水平算可以，但比去年的《我和我的祖国》有挺大差距。
212,还是沈腾马丽组合好看
213,"《北京好人》个人整体感觉最好，但其实家乡的概念最弱，但珍贵之处在于相对其他片看起来更质朴可信，尤其是结尾，没有过度渲染放大主角的光芒，葛优最后依然会跑到村委会想着用医保报销，回归小市民选择。
《UFO》的“唐人街番外”感很强，黄渤自己，还有王宝强刘昊然组合升级放大了片中的喜剧成分，很欢乐很闹，但片尾的转折是真的如山路十八弯的湍急。
《最后一课》或许因为大家的评价我抱着高期待，以至于觉得除了范伟老师表演很强外，片中所有的情绪堆叠和剧情发展都太快，让人有点措手不及。
《回乡之路》我了解片子想要做主角前后对家乡贡献的弧光转变，但却没告诉观众动机。
《神笔马亮》是最小品的一部短片，该片话剧临场感很强，这也和两位导演拍舞台话剧出身有关系，观感来看最奇怪也是这一部了。"
214,确实只有徐峥的《最后一课》好一些。肉身（当下）与记忆（曾经）交织，自然带出村落的变迁。彩色笔的设计也好，老范摔倒，颜料跌落水中，是想为孩子捧回一片缤纷未来，倏忽间得见彩色建筑，是很有诗意的一笔。宁浩的喜剧，离开了荒诞，就变得没那么有力了。可以想到，其实也可以解决，就是那人真的没有医保。可这在枷锁里，是不可能的事。
215,骗术大全，按故事排列顺序：身份上的欺骗，事实上的欺骗，时间上的欺骗，财力上的欺骗，空间上的欺骗。我和我的家乡居然全要靠“谎言”才能快乐地建立起联系！细思极恐。
216,两星半，每段都有不适之处但作为主旋律小品大体过得去。整体看来却更加惨白，五个故事，三个出现了昏厥情节，四个将欺瞒和圆谎作为叙事动力，五个全都涉及乡镇发展，可见这种命题创作的僵化。最令人迷惑的是：家乡=乡村？老有人说片场时代的导演消费旧时代苦难，这里难道不更恶劣？《UFO》起初以为在反思信息化和商业化对本土的侵蚀，看到结尾着实魔幻了……那段零分。邓超忍辱负重的人设也是受够了，《回乡的路》不及格。《北京好人》三星，不如《北京你好》。《祖国》里徐峥的段落很恶臭以及其它一些事情对这个人没什么好印象了，但是得承认《最后一课》是里边最好的。开心麻花大体及格但还是有语言歧视的成分（对艺术家和同性恋），狗改不了吃屎吧可能。
217,格局上确实太像春晚小品了，有些反转根本就没必要，那么用力干嘛，总菊杀你头不成。
218,排序和大部分人差不多，《神笔马亮》和《最后一课》不相上下，《北京好人》略温吞，《UFO》闹过之后只剩鸡毛，《回乡之路》走的是尴尬生硬的主旋律之路。PS.在剧情片里看到家乡的身影，有种很新奇的感觉。
219,还行 适合国庆档的主旋律电影，马屁拍的不太尬。每一位导演都想把自己的漂亮老婆塞电影里
220,五个故事全和“谎言”有关，为什么不叫我和我的大小谎言呢？
221,一般般吧 可能我笑点泪点都很高 感觉没去年我和我的祖国好看 故事不够短小精悍。就是没足够在30分钟完成起承转合，节奏感觉不够好。最后一课的节奏不错。看来徐峥很擅长讲小故事 因为巧妙的是他选择老师路线容易打动，故事完整且短小，把家乡作为环境
222,一流演技，二流导演，三流编剧。
223,编剧层面我有如下困惑：①李鸿其饰演的李唐在收费站用钱贿赂章宇饰演的宋浩时因为恼羞成怒拿着装满钱的袋子怒砸后面排队等缴费的车子，我想问不担心监控吗？不担心被宋浩的其他同事看到吗？即便是副市长的儿子也不能这么明目张胆吧？②王砚辉饰演的宋浩父亲既然可以这样轻松掩盖自己杀人的事实，那又何必让儿子远走他乡？同时既然那么爱儿子，为啥让儿子从事如此艰苦的工作呢？③宋佳饰演的潘晓霜就因为在暴雨那天目睹上身赤膊的宋浩就迷恋了整整15年？④邓恩熙饰演的万小宁被李唐开车撞死后，宋浩埋尸时尸体嘴唇那么红依然有血色太过不合理。卡司确实不错，章宇表演也比较出彩，但电影的野心似乎过大，将入学名额顶替、官商勾结、地产商强拆、裸官等很多社会现实问题都包罗了进去，利用2条命案勾连，却在很多细节上出现不少BUG或不够考究的地方。
224,剧情推进的太硬了，更适合拍个四集的迷你剧
225,少年时期和成年后割裂感强，自从浮夸的李鸿其出场开始一路崩塌到最后。少年时沉稳仗义的李唐为何变成浮夸暴发户？没交代。潘晓霜为什么非得硬贴男主？一夜情后怎么就突然要结婚了？没交代。男主在船上跳海游泳想表达什么？群演集体表情夸张地唱大海啊故乡是什么鬼？李唐前期只是浮夸暴发户为什么突然变成杀人狂魔？全程三个人面面相觑，剧本不行，不合理的细节一大堆，白瞎了一堆演员。
226,"哎，剧本啊。。。
但是抛开这些，这片简直是章粉福利啊，床戏，打架，洗澡，灰头土脸，还有李鸿章CP，好康！！!"
227,编剧不尽人意，演员拼劲全力，导演故作文艺，整体差强人意~
228,一開場殺人補刀趕走兒子就人物動機稀碎，完全沒有說服力，這不是為難演員麼？與其一部部趕著拍，不如先把劇本和人物搞清楚。男演員們演得賣力，卻因為casting和劇作的問題被削弱；宋佳的表現挺動人，可能是唯一的亮點，但她儼然像在拍另外一部電影。
229,大概能想象编剧们一起剧本研讨会时绞尽脑汁编故事的场景了。
230,总体而言不大成熟，影片的主旨不够清晰，人物动作不明确，拟音也有不少低级失误，另外，章宇的妆容影响了观众看他的面部表情；影片的长处在于氛围的渲染，犯罪片的灯光和音乐渲染比较重要，相对做的还可以，但导演要走的路还很长。
231,#SIFF  三星给摄影。个人认为女主的人物故事线过于突兀，其他各个人物做事的动机都不是那么有力。影片开头讲了故事的开端，然后一直到电影的中间段给我一种跑题的感觉，我以为后半段的情节会说明前面看似跑题实则是伏笔，后来发现我想多了。。
232,浪费了好故事，也浪费了演员，硬接，硬过渡，硬巧合，硬来，硬上，突然出来、突然消失，突然接上，突然得有些抓马；故事没做实，很多东西基本是用嘴说出来，人物不入心互动，基本像工具人在各行其是，所以显得主次不分，李鸿其、小宋佳有些段落搞得像演小品似的，人物设置得有些滑稽了；被顶替的事情没仔细深入，被改变的人生也经不住推敲，整个框架已经在摇摇晃晃，导演还沉醉于小心思、小聪明的小细节设计，像个罪案片，又像伦理片，又像文艺片，其实都不太像。也许这个故事交给大鹏、五百、饶晓志这些导演，可能都比李霄峰拍得好看、卖钱。
233,章宇这个角色，其实就是一个随波逐流的人。他的命运，甚至爱情，都是被别人推着往前的。
234,"比起前作的确有较大精进。最高光的无疑是选角。

想把所有赞美都留给章宇！时光在他身上几乎凝固了。他一直停留在某个拒绝沟通/成长的「钟型罩」里，15年后面对当年的婴儿，他仍是那个稚拙、执著、沉默、坚忍的男孩，那种与年龄无关、与时代脱轨的青涩真是让人心疼；众人合力打破罩子的结果显然残酷到残忍，他被迫重新堕入800米的海底，被迫再次迷失自己，一个被命运捉弄的弃子，再度被命运抛弃。蓄满泪水的眼睛太具有杀伤力了，同名片尾曲好听哭了---所有风平浪静的表象之下，有多少万千暗流无声涌动。

叙事趋于沉稳，集结大量富有戏剧冲突的强情节，在多线头捏合编织上显得较刻意而生硬，人性的沉浮未必一定与社会大背景糅合，剧本仍需打磨。表演很具有层次感，大量丰富内心戏都在眼神和肢体语言中体现出来，积淀了角色的人生体悟。"
235,车牌挺有意思，三十年河东，三十年河西。但即便有好演员，可奈何角色不抓人。为什么呢？因为铸就他们的悲剧，太“普通”了点，没有特异性，而且几乎都没有人物转变的曲线，无法让人产生共情；另一方面也因为导演手法的疏离感，配乐镜头光影等等，让观众进一步远离移情的可能性。就是说，他妈的就因为大家太优秀了，大家越努力，这电影就越不对劲。
236,故事是脱节的，第一和第三幕主题是误杀后的赎罪，第二幕完全是个不相关的爱情故事。演员都不错，各有华彩段落，李鸿其像在模仿《老手》里的刘亚仁。
237,首映，演技和视听语言没得说，但是编剧和电影节奏差了口口口气。ps赞美配乐和章宇！！！！章宇太帅了！！！
238,成片的逻辑有巨大疏漏，但某些段落现实感与超现实感并立而行，相当刷新感官。
239,剧情走向，人物动机，哪哪都有问题，太尴尬了，还好有演员过硬的演技撑住了全场（李演的太浮夸了）。导演和编剧真的要好好反思一下。
240,"（1）开场不错，后劲不足。
（2）尺度有一些，涉及高考保送名额顶替、官商勾结、强拆等敏感话题。
（3）主线故事：一个人能够背负着巨大的秘密，过表面太平的生活？
（4）归根结底，所有悲剧源于“保送名额被顶替”，这是原罪，才牵扯出后续的一连串悲剧。父亲沦为白手套，儿子远走他乡避难。
（5）导演善于利用特殊空间做戏，印象深的有三处。①废墟重逢，重逢是好，但废墟是真；②楼道里，声控灯忽明忽暗，男女间危险的暧昧；③高速收费站，一走一留，爱情在这里发生；
（6）比较亮点的是，父亲这个角色，挺复杂。他才是全片最大反派，爱与自私并存。联想起李霄峰导演前作《少女哪吒》，这部可看作“少年哪吒”，看他如何剔骨还父；
（7）导演李霄峰进步明显。但他过于迷恋奇情，依赖戏剧性，导致剧本总给人牵强赴会的感觉。"
241,1.和吴谢宇、《阳光普照》里的许光汉是不同方向的优等生破碎。但应该避免用“准清北生”（且全校唯一）给予角色弧光，沉闷、讷言外，聪慧（哪怕只适用于应试的聪慧）、骄傲反而缺少“反向”交代。2.对自我放逐的十五年语焉不详，恪守戒律清规的品格找不到合理支撑。
242,e……一言难尽的三星。作为主角的章宇29分钟才从烟尘弥漫中走出来，通过接电话自报家门告诉了观众他就是前面的中学生长大了（如此生硬的成长也是少见），李鸿其不知道是在模仿姜紫成还是小丑……前面的1小时30分钟属于那种拍了不知道有啥意义的故事，但起码画面和表演拍的还有模有样，应该能给三四星吧，结果突如其来一场旱地拔葱的高潮戏直接拉到了两三星……行吧，就三星吧。
243,单场戏有可圈可点的地方，组合在一起却像是缺乏了润滑剂的齿轮那般拧巴，叙事逻辑坍塌/人物关系割裂/视角选取混乱都让文本的可信度大打折扣，诚然这些“洞”在一定程度上被表演（李鸿其太出戏除外）与摄影进行了填补，最终的成片也绝对不是这个项目能被执行出的最佳结果，作为导演的李霄峰当然要负直接责任
244,李霄峰作品特点：演员是亮点、画面有质感、故事很拉胯。这片故事底子不错，但影片却一直在东拉西扯、断线重连。说两点比较好的吧，一是宋佳和章宇的对手戏。其实两人极不来电的情感戏份一开始还有些尴尬，但这种尴尬最终竟然能够演绎出一种蹩脚的浪漫，甚至成为了全片最好看的部分，这不得不说是得益于两位演员出色的表演。宋佳引导着这场女追男的情感戏，两人从尬到不忍直视到干柴烈火，是真真地“睡服”了章宇，而章宇则塑造了一个内向的、有点性感的、还有点禁欲系的男人形象，相比他以往的角色又有了一些突破，不简单。另一个则是李霄峰一直以来对摄影和画面的要求，很有质感，他在用光方面尤其动心思，比如片中章宇和邓恩熙在楼道中的戏份，声控感应灯随着两人的对话一明一暗，完美地契合了人物的心理状态和情感爆发，效果很不错，挺聪明的玩法。
245,剧本有些疑惑，风拍门、遂补刀等几处值得商榷，但大爱宋佳和章宇的戏——这是整部戏的肉。表面平静，实际裂流。走廊声控灯的处理，俩人各自献唱的闽南和客家话歌曲也算是印象深刻，导演依然爱这种类罪与罚的故事，无奈现实就是杀人放火金腰带，平地高楼无尸骸。在一个没有信仰的国度，如同必然会到来的结尾字幕，什么事都可能发生。
246,真的是最后一次了，下次就算李霄峰找章宇和张颂文拍A片我也不看了。太差了，怎么好意思。 章宇真的太迷人了他妈的，谁不想跟他发生点什么。
247,感谢有关部门，罪犯可以有良心，部分官员可以没良心了，可是离真正的人性深度还是差了好几层。剧本不合理的地方太多。不过我最不满的地方倒不该怪编剧，而是最后捅了自己和老爸，留下坏蛋去伏法。换了日片和港片肯定是小人物怀揣短刀血溅五步啊。影像氛围非常有美感，有时甚至牺牲了真实性，例如台风暴雨天透进屋内的阳光，还有从宋浩视角望去应该毫无遮挡的烟花。宋佳自从被文章调教过之后就彻底无厘头了，爱情戏演得非常灵，跟章宇一起救了这片子。
248,今年目前为止割裂感最大的一部电影。一方面，剧本实在够烂，情节衔接和人物关系一团乱麻，开头节奏进入慢，结尾处理含糊不清，而且至少把宋佳对章宇的饥渴情感稍微铺垫下吧，我上我真行。另一方面，演员们的表现实在太棒了，隐忍负重的章宇，热情奔放的宋佳，浑身是戏的王砚辉，嚣张跋扈的李鸿其，且刚且柔的邓恩熙...今年第一部全员都有专属showtime的华语电影。在割裂感如此之大的情况下，导演的控场尤为重要，李霄峰竭力交了一张差强人意的答卷，全程特写人物面部表情烘托情绪，穿插空境远景奠定整体基调，把影片的气质拿捏得算是精准，而收费站求婚和声控灯走廊两场对手戏十分精彩，前者是极致的浪漫外放，后者是极致的感情压抑，两段戏将成为我的年度最佳电影段落候选。
249,"❶你把他当兄弟，他抢你保送名额；你把他当兄弟，你不知道他家庭住址。（摇晃的大门只是有点引诱的意味，但还不至于是令人信服的阴差阳错的巧合、冥冥之中的安排。实际呈现的效果不足以支撑随后建立在此的故事主体）❷看似突破犯罪片尺度，实际相关的内容近乎边缘化。一个清华北大的料，最想声讨的首先是友情，其次是公平；前去声讨友情未果，横生枝节惹命案，这已是第二次断裂。保送名额被抢，但是高考机会是自己葬送的。由此展开的颠沛流离，如何引起共情？
❸“你不是对我没兴趣吗？”——全片最佳画面感；其次是收费站谈婚论嫁；最次是：撑一把伞，迎风淋雨八百米。"
250,总的来说the film fails the cast 章宇李鸿其宋佳都挺好的 尤其两个男的 但情节充满了逻辑和常识漏洞 还有很多为拍而拍的东西 每两分钟都想问一次excuse me真的很跳戏 太瞎了 很多时候觉得章宇说着台词都快笑场了 导演仍如前作一样执迷于红光蓝光和声效 做好了叫作者 做不好就…再加油… 还有中间有一小段故意营造的荒诞 呃就…好的吧…最后就想说小宋浩的鼻子以下和张孝全还挺像 
251,意外或是注定，好学生的命运就此改写，从原定保送的全校第一到石雕厂工人，这样的落差即便是十五年我想也难以消化。满怀愧疚的半生蹉跎，好不容易有了一些起色后再次被生活当头棒喝，或者说被兄弟和父亲亲手摧毁。结局在意料之中，片尾曲是章宇自己唱得倒是更令人惊喜，宋佳太迷人我要无限回味她的恰恰和雨中撑伞了～
252,剧本得好好弄弄，一剧之本！结尾得莫名其妙，经不起推敲，其他都还好。
253,莫名其妙又故弄玄虚的平庸悬疑犯罪片，如果是部爱情片，可能更好
254,每个人都在吐槽剧本问题哈哈哈，用一句台词说就是“可惜了一屋子的精致”。
255,就还好吧，这个演员阵容明显对剧本要求很高，但实际上磕磕绊绊。片尾曲很好听。ps.为什么提问环节总有人爱站起来长篇大论抒发自己的感想啊？真当自己是宇宙中心全场观众都爱听你叭叭叭呢？
256,一出闹剧。像是演员请就位的戏串起来组成了一部整片，A到D级参差不齐、风格迥异的表现，不用仔细理顺的人物动机，生硬的过度桥段仿佛撩拨着大家随缘观赏，开心最重要啦，认真你就输喽。大小宋浩在碎石和阵阵白烟中完成的代际交接甚至呈现出了一种发生在真实世界的舞台剧效果，荒谬的有些抓马。能够理解主人公内心逐渐走向崩溃的根因，但随着几次草率的情节转折，加之可信群演的缺席，以及演员们的标准普通话，几乎击碎了所有能和真实情境连接的桥梁。情绪也许很足，但这切口太小太小。导演可能更适合去拍犯罪类型片，而非需要海量生活片段构筑成的剧情片。当然不得不承认抛尸片段的跳接完成的很漂亮，BGM具有极强的参与感。宋佳在收费站的特写，碎发瞬间飘忽的样子也很美。章宇的肉体让人直拍大腿，谁能忍住想睡他的欲望呢！为此多加一点星吧。
257,撞死小萝莉的那一下感到了心痛，但其他时刻都没有人物。演员真的好，宋佳不容易，这么难演的台词都给说出来了
258,全靠章宇来撑起电影真的很不容易如果都是床戏还讨 “巧”《巧》只是这是一个过失杀人的案子爱情就凸显牵强附会，反正我倒是喜欢看电影🎦里的“女追男”那种义无反顾的倒贴“送上门”(电影里她自己调侃自己)图啥不知道，还有后半场替代她当收费员也牵强没有理由，电影之前的铺垫说服力不够，老同学进错房间真的不可能，当然所有这样只能靠章宇全程紧绷的脸完成，哪怕在床上完成15年的苦闷一射，收费站求婚倒是出乎意外，而最后收费站排队到他爆发为啥啊？没懂，反正逼死男主和他多事的爹完成父子救赎拉倒，所谓风平浪静真的是经历了生死的大风大浪起码是92年的台风大世面了，从1992叙述到15年后应该是2007年左右的反腐故事其中还是多起命案，喜欢章宇哥哥的看演技吧，好在看着养眼得了别考虑什么故事性了，毕竟我们不是单看故事
259,观感像是几个高级的演员演了几段“演员请就位”，个个都好，但剧本太割裂，人物全都没有展开，故事全在意料之中
260,我没啥感觉的公认好片。
261,评分超高的影片，看完毫无感觉，明明很一般啊，嗯，一定是我不懂得欣赏
262,真的是很好看的一部电影，男主角演活了这个杀手，小女孩的纯真与杀手的冷峻形成了反差，只是最后结局太虐了！
263,这个电影其实也是直面人性的考验，警察也可以冷血，杀手也能有柔情。其实看过之后也会有思考。
264,剧情是比较新颖，但是我没有get到里面的爱情…强行get也get不到
265,玛蒂尔达将绿色植物埋好，以这种方式与某个人相伴，也和一段不属于自己的假期永别。彼时她惊惶闯入他的生活，如同一只小兽，眼神躲闪呼吸呜咽。现在她可以独自面对生活，骨骼拔节生长强迫她与童年作别，但幸好曾有那样一个睡觉打鼾的冷酷男人予她命中暖阳。故事太熟稔以致少了惊喜，片子硬朗兼具柔情。
266,这个电影其实也是直面人性的考验，警察也可以冷血，杀手也能有柔情。其实看过之后也会有思考。
267,剧情是比较新颖，但是我没有get到里面的爱情…强行get也get不到
268,玛蒂尔达将绿色植物埋好，以这种方式与某个人相伴，也和一段不属于自己的假期永别。彼时她惊惶闯入他的生活，如同一只小兽，眼神躲闪呼吸呜咽。现在她可以独自面对生活，骨骼拔节生长强迫她与童年作别，但幸好曾有那样一个睡觉打鼾的冷酷男人予她命中暖阳。故事太熟稔以致少了惊喜，片子硬朗兼具柔情。
269,剧情非常好看，但我真的接受不了大叔和萝莉这种搭配，总是让我想起洛丽塔……
270,“人生是一直这么痛苦，还是只有是小孩子的时候才这样？”杀手沉默了一会，喃喃地说：“一直如此。”
271,盛名之下的这部电影，我却并不喜欢。
272,虽然但是 高三不收手机吗
273,1.和《嘉年华》一样，题材价值大于电影本体价值，在当前环境下拓展了国内院线的题材可能性。在被允许的前提下，可以展现的凌厉和残忍可能也就到此为止了，所以很理解有些地方表达上的处理方式。2.“残酷青春”是个差不多20多年前的概念，这个电影重新启用了一次，说实话，这种青春期和杀戮，死亡，悲情之类的东西搅在一起的故事非常可疑，以一种看似底层残酷物语的形态实际上讲述一个很矫情的戏剧性设定。真实的校园霸凌有更真实，粗粝的处理方式，但会损害商业度，也可能无法面世，总之，这个题材在这里被打磨得更光滑了一点，可惜。3.易烊千玺的表现真是不错，不知道这是技术使然还是感觉使然，如果是技术，确实值得期待，需要其他反差角色验证。4.电影节奏有问题，前三分之一很迟缓，男女主角关系的进展又缺乏理由。
274,青春片的陷阱在于把一切都浪漫化，一个眼神、一次牵手、一场高考、甚至犯罪……易烊千玺饰演的小混混拙劣地模仿着庸俗爱情片中的男主人公的腔调，不断地吐出“你赢了，我才没输”这样故作深情的金句让我汗毛倒竖。可金句频出的原因恰恰是对校园欺凌问题缺少深入共情而沦为活报剧，周冬雨则不时面无表情地说些正确的废话。郑易警官疯狂谴责受害人为什么不肯相信自己，把整部影片的自恋推向巅峰，其实就是公权力的自恋，他可有半分反省自己？可怕的是三种自恋很多人会吃……影片题材上映不易，加半颗星
275,一部无主之作。
276,2.5。直白、直接、直给。看了一小时左右有段平行剪辑才看起来比较像电影，其他时间要么是网大要么是MV音乐电视画面被混剪在一起。有趣的是，从它的拙劲儿和煽劲儿才能看出港片和韩片互相模仿的内在联系，此前其他大陆片学韩片都学成了半夜鸡叫。我的理解是，这一年来大陆电影在被强行灌鸡血上天拯救地球入地攀登珠峰的前提下，依然一路下行，到了年底终于出了部表述正常、人物都比较像活人的片，于是我们就都忍不住射了。
277,3.5。独属于大陆的、负能量的、“与大人为敌”的90与00后——被用心触碰了。在我这，这点必须先于其他所有被提及。对青少年视角的专注、坚定程度超越《狗十三》和《过春天》，专注和坚定之下，一定量的娇作和夸大亦成了真实的必要组成，虽然并非完全自觉。正片消极求解的语气与被头尾安上的口号化外壳显然是冲突的，真面目其实和《嘉年华》一样，在现实议题中不断疏远着“现实意义”，以无关审查的姿态。更纯粹、混沌而多义的能量由此而来，也因此更无法被遮挡。小景别接近滥用，但也得益于此，易烊千玺的电影脸被彻底确认了。©曾国祥、许月珍到场。
278,整体高于预期，但《少年的你》仍旧是和《嘉年华》一样过于仰仗社会话题和演员表演推动观影情绪的作品，并且视听风格实际没有《嘉年华》那么完整流畅和统一。影片就青春和校园暴力间的论述也挺模糊的，导演和编剧所做的处理，无非是不断地累加戏剧性的冲突和表演，以达到使观众完全进入一种无法客观化的激进的批判状态。后半段添油加醋、自我感动的设计简直不要太多。★★★
279,2011年代的设定与当代手机通讯的严重bug冲突已表明电影无奈地被动过很多刀子。在片头片尾的棉花糖式包裹下，公映版尺度已大幅削弱。全片大量特写、近景镜头，捕捉角色细微的情绪变化。还好两位年轻主演经受住了镜头考验，在大银幕上没有露怯，表演可圈可点。然而，全片情感都有用力过猛之感，仅周冬雨哭戏就至少十场，台词控诉也过于直白，“你保护世界”这种话更显幼稚。虽然校园霸凌题材展现的突破在国产片已属难得，但依旧难掩与东野圭吾小说非常相似的剧作的平庸。反派死于话多，几个主要角色行为动机及性格转变方面有些经不起推敲。看完金马提名台片的好，确实很难“吹爆”此片。三星半
280,看完之后的感受跟《天才枪手》和《我不是药神》很类似。用很强的类型片的手法，来抵达一个同样有强度的社会现实。（和好莱坞一样），这很容易成功，也容易套路。大家都倾向于宽容和原谅各种不足，也是内在于这种策略的结果。但在广义的文化圈的意义上，不能把工业能力的提高等同于对这两种坚硬现实的反思程度，加上诸多场外因素的干扰，这会造成很大的混淆，跟风式的夸奖令人不适，延展讨论少得可怜。对我来说，片子里戏剧性地强化出令人窒息的上升空间、你死我活的丛林逻辑，是最重要的社会背景，也是最真实的部分。
281,作为言情、校园霸凌、高考现实的三部分是完全割裂的，就好像恶意、嫌疑人X、白夜行也并不能真正合并成一部电影。微妙的违和感无处不在。可以说这部电影是锋利的、是宣泄情绪的，但我并不觉得它是诚恳的。铺天盖地的盛赞，大概是因为太久太久没有在一部中国电影里，看到哪怕最基本的表达欲吧。也挺悲哀的。
282,三星半。煽动情绪型电影。周冬雨和易烊千玺表演都不错，有几个细节打动到我了，可是这个故事本身比较薄弱，主角的关键选择并不可信，反派的作恶动机也欠缺挖掘，为戏而戏，只能靠矫情的台词和用力的表演硬推上去。
283,演员很好，感情也很好。拍摄和剪辑上的瑕疵明显到非常影响体验，派出所高强柔光是一例，不遗余力张弛无度的2/3脸特写是一例。Ps：她不止是第一个问你疼不疼的人，还是第一个问你硬不硬的人。
284,披着校园霸凌外衣的言情片，全片只字不提爱，提的是男女间不言自明的默契和陪伴是最长情的告白。案件本身有着东野圭吾式的以人为本和为爱献身。国产片最大的问题就是只能关怀但不能往根儿里批判。另外，高考的段落用了太多笔墨，有些脱离主体。有些台词和镜头是拍给审查用的，不容易。易烊千玺很不错，不是偶像是演员。
285,三星半。煽动情绪型电影。周冬雨和易烊千玺表演都不错，有几个细节打动到我了，可是这个故事本身比较薄弱，主角的关键选择并不可信，反派的作恶动机也欠缺挖掘，为戏而戏，只能靠矫情的台词和用力的表演硬推上去。
286,演员很好，感情也很好。拍摄和剪辑上的瑕疵明显到非常影响体验，派出所高强柔光是一例，不遗余力张弛无度的2/3脸特写是一例。Ps：她不止是第一个问你疼不疼的人，还是第一个问你硬不硬的人。
287,披着校园霸凌外衣的言情片，全片只字不提爱，提的是男女间不言自明的默契和陪伴是最长情的告白。案件本身有着东野圭吾式的以人为本和为爱献身。国产片最大的问题就是只能关怀但不能往根儿里批判。另外，高考的段落用了太多笔墨，有些脱离主体。有些台词和镜头是拍给审查用的，不容易。易烊千玺很不错，不是偶像是演员。
288,三星半。如果做电影分成两部分，提出目标和实现目标，我会觉得前者几乎可以拿到满分，围绕着演员状态穿插起来的前因后果的叙事，像是对一种法制陈述和专题片叙事的借鉴，伴随而来的剪辑也很重要，包括摄影将概念化进行到底，甚至小到比任何一个内地导演还要明白内地校服是什么样子这样的细节上，这个团队有汇聚力量去挑战的一面。但是实现目标这一幅度内，我就觉得乏善可陈，电影的主题内核实际上是逐渐变化的，将种种主题点作为了一个观众代入的臆想反派，讲到霸凌就是霸凌很恐怖，讲到高考就是高考很冷漠，讲到成人就是成人更加无情，在小的题点上不停的变化，没有试图到更深，节奏也很平均，常常同样大场的对话戏接在一起，到了最后就是要讲这个世界一无是处，我觉得是一种有内容的失控，比较像是有个妇人絮絮叨叨，也不是不能听，但就是不够智慧。
289,即使抛开被迫修改的配音和后半段情节，观感也不那么舒服，它更像是（某种抓马的）虹孔类型片在借尸还魂，除了高考相关的部分，不少人物关系、行为逻辑都跟内地现实相去甚远。从最开头对2011年5月的微信界面的错误呈现开始，就已说明了这只能是一个架空感高于切身感的作品，借三个人物之口先后夸男主有多帅更透露了导演的急功近利。
290,平平无奇，力道不足。花了一个小时铺垫互为救赎的故事，但中途忽然掺杂了高考的激昂向上和教育歌颂，冲淡了原本的灰色背景，整部片子的情感都变得尴尬起来，只有你能保护我的说辞也变得缺乏说服力。不仅不如《狗十三》，甚至还不及去年的《过春天》，不是曾国祥的良好发挥。
291,一部混合了大聪明和小聪明的作品，大聪明是它洞察了时代的真相，小聪明是它连人名都带着玄机生怕别人理解不了。你很难说这样对与不对，它体现了磨剧本是一项考验智慧和工夫的行为，同时它也失去了某种作者个性，曾国祥只是站在台前的那个。
292,由于种种天生限制和剧作本身过于表面（反派的人物弧为零，也没有任何对恶之源头的描写或暗示)，观感上输给《七月与安生》不少，单纯是一个表演性质的题材。但真的不得不夸曾国祥的实力，从剪辑到演员情绪调动到摄影都十分成熟，四字弟弟直接获得一个代表性角色，提名都是应得的。
293,高考議題上做出了一些殘酷的寫實意味，處理霸凌故事卻非常純商業思維，無非賣慘和煽情，霸凌的反面角色（一個漂亮的富二代）被塑造得相當臉譜化和粗淺。那些淺景深大特寫沒完沒了的眼淚也過猶不及。借社會議題行商業之實，兩邊討好，倒甚得陳可辛精髓。ps：易烊千璽不錯
294,熟练运用陈可辛派系北上方法论，炮制世俗青春偶像剧，大特写渲染，哭戏优势发挥，台词短板避怯，属于情绪主导型电影，《七月与安生》的节奏问题依旧没解决，整体尚可，局部稍差口气。
295,霸凌其表，爱情其里。少年的你，纯纯的爱。两个少年演得都好。
296,这么多往脸上怼大特写 俩主角演的确实不错 不知道剧本创作直到上映之中发生了什么 剧本有点奇怪 是要把校园欺凌这个结果 归因到高考压力？小城氛围？成年人的漠视？还是要展现一个傻逼世界里 两个陌路人相依为命的爱情？其实几个角度选一个深挖 电影会更上一个台阶
297,一开场就打下了四星的底子，看得出导演是很用心地在做戏。但是从三分之二处，小北假装强奸陈念那一幕起，就出了很大的问题，往后越拖拉越扣分。一个没文化的小混混心甘情愿为一个他喜欢的且有着远大前程的女生去做替罪羊，这本身是很庸俗的价值观设定——没文化的人命更贱。第一，观众都知道国产电影的结局必然是犯罪之人要伏法，在结局既定的前提下，编剧还去编造这种替罪羊的情节，未免太思维定势，不如大胆反常规，反正最后都要圆回来；第二，男女主角在文化程度上的鸿沟已经决定了俩人未来在价值观等人生诸方面的鸿沟，俩人未来在一起的可能性非常低，而前面所有的情节铺垫都没有让观众看到这俩人爱得死去活来以至于男方义无反顾地要做替罪羊的程度，俩人连小嘴都没真的亲过一回呢，更别说缠绵悱恻了，当然了，国产片不许未成年人相爱。【广百金逸】
298,除了男女主角，其余每个角色都信息过载到非常功能性。只能说大致的逻辑线是对的，可以想象的那些元素应有尽有，冷漠的帮凶、残酷的苛责、不被看见的疼痛，但现实根基太虚，校园暴力中最深刻的暴力——即系统的冷酷、无视、无法提供救济反带来二次伤害的背叛感，最后只是转成少年（真诚信任付出）vs成人（保留无奈）之间的张力。警官吃火锅和班主任安抚陈念那两场，我第一反应直接是为了过审加的正能量。更别说即便有这样梦幻的警察和老师，他们所承受的压力不解也是校园霸凌整体背景的一环，更不提即便相对正直和有同理心的人也会因大环境下的认知局限制造笨拙的痛苦。魏莱的动机交代得很勉强，霸凌如何得以发生、如何被遮掩宽纵而制造进一步的悲剧都不太有说服力，真实的绝望比这绝望太多也隐蔽太多。但周和易实在演得好，这两个人物的逻辑也是扎实的
299,适合21岁以下观看。
300,一部颇有格调的片子，着色、剪辑以及打光等视听语言不错，能够充分利用电影的镜头语言来表达，这是难能可贵的。开篇展示跳楼的戏，铺垫、连续的景别变化来呈现校园里的残酷事件。不知是撤档后修改还是什么，最终的呈现只是一个远景（陈念帮着盖衣服）。大量的近景以及特写，是能突出人物以及捕捉情绪变化，可是丧失了人物所处的社会环境，“事件”与环境的割裂，导致指向性不明显、隐射模糊，也就缺乏力度和现实意义。电影还是不想在校园霸凌事件上多做文章，施暴主体的动机完全缺失，也没有未成年人心理方面的铺垫或者暗示。以“霸凌”命题，却以“守护青春”收尾。女主无意报复，失手杀人，后半段急转进入对抗法律的严肃性课题，这一段有着商业上类型化的考量。这是一个有关疼痛青春的电影，你的一切都将成为档案袋里的注脚。最后的档案袋镜头不错。
301,看过原著小说的我，并不关注着说电影能还原多少，因为小说真的太沉重了，那种仅仅是文字描述带给我的都是连呼吸都能痛起来的感受，那种不能将代入自己的感受……少年的你本该无忧，本该如花绽放，可你确有着那么多的痛苦，考上大学就能脱离现在了，离开这个城市就能重新开始了……多么美好多么坚定的信念，真希望这将是真的。
302,曾国祥掌控力很强，展示了很好的导演功力，男女主也奉献出过硬演技，应该说是某批小鲜肉中的巅峰。电影感和情绪是到位的，也揭露出了底层社会冰山一角，为此有删改痕迹。但是接下来我要但是了。这个剧本在细节上很怪异，时空错乱处很多，最后校园、社会、悬疑都不占，甚至言情上也不怎么成立，核心矛盾反复横跳导致后一小时全面崩塌，不知该聚焦在哪里。感觉是想说得太多又没拎清楚，建议改编成电视剧好些。至于结尾字幕单屏打出某人原著我是绝对不同意的，东野圭吾老师就不配有姓名了吗？
303,我希望中国导演都可以是陀思妥耶夫斯基，我不希望中国导演都变成东野圭吾。
304,讽刺的是，尽管角色口口声声说着“做自己”、“我命由己不由天”、“最害人的是成见”，电影却依然一直在用对肥胖、结巴、娘娘腔等特征产生的成见制造无价值，且一点都不好笑的笑料。
305,又一次高举“国产动画良心”的大旗之前，我好奇的是我们的“良心动画”为什么非得加入那些尴尬又低级的网络段子式笑料，难道非得把自己打扮成一半臃肿粗鄙一半热血激昂的割裂模样，才足以迎合主流观众的口味吗？
306,"2019年，哪吒都成家庭教育成功典范了，就算你是魔童转世奔着毁天灭地来的，只要家里有钱有权有天命，妈妈爱你爸爸把命都给你，再顶级名师1V1封闭式教育，不愁养不出一个精英来。金吒木吒抱头痛哭：“这个家里没有我们的位置……”
敖丙是真可怜啊，背负了整个家族的不甘心，一人给片鳞好比读大学前村里每家每户给抓把小米，可走到城里，人家一看你头上的角就知道底细了。纵使哪天真能修炼成仙，身后还林林总总一大串亲戚呢，可敖丙能成仙吗？不被社会生吞活剥扒皮抽筋就不错了吧"
307,李靖到底是为了什么做 揭穿敖丙身份 这样损人不利己的事？
308,就…大家对国产未免也太宽容…
309,全程冷漠脸，我太讨厌熊孩子了，尤其是这么丑破坏力还这么强的。还有给小孩配不屑御姐音让我感到不适。
310,"偏低幼向，剧情含量比大圣归来要多，但观感没有超越大圣，顶多比肩白蛇。有些影评人拿它踩大圣，我？？？亮点在于重写了敖丙和哪吒的关系，正邪一体，反宿命论，龙宫和万鳞甲的设定我很喜欢。但为了故事革新，削肉还母削骨还父的经典场面没了，最后的终极大战也没有燃到新境界。人物台词融入一些现代化的笑点，确实更搞笑，但我出戏很多次，奇幻题材的沉浸感很重要。太乙真人从外形到配音都像pdd，哪吒的傲娇御姐音什么鬼。（炒cp可真好卖）

神话英雄在不同时代被不同创作者赋予不同的涵义，你以为它是骨，其实它是壳。 
朋友说“你不能否认魔童它很当下。” 所以大圣归来不讲大闹天宫，哪吒也不讲闹海自刎。 是时代的反骨逆鳞被拔除了，我们都是龙宫里的老龙。"
311,"一部神话片，笑点还靠屎尿屁来撑?可气的是我还笑了。经典的哪吒是一个反抗权威和父权的形象，这部把李靖塑造成一个有爱的父亲，于是一部俄狄浦斯式的神话变成一个友善的童话。
哪吒多会变化术，一些笑点是靠变化术制造，乾坤圈变成一个类似金箍的限制性法器，恭喜你们把哪吒变成第二个悟空。"
312,国产动画两大负面特征，“台词特别会喊口号，一句深刻的也没有；噪音杂乱但视觉中心喜欢偏移。”至于这一部的问题还有，笑点让人出戏，改编尤其乏力，动机不够清晰，情节带水拖泥。中国人一般不相信人的行为和立场之间会有必然关系，当他们设计人物行为时，并不会去考虑人物立场是否一致。当他们看电影时，同样也不会从影像本身判断创作动机。
313,很主流的商業動畫，把反抗父權忤逆到驚世駭俗的哪吒形象用父子情、友情、追求自我這些主流主題消解了（反抗父權變成了父子情深實在是⋯），配合煽情、打鬥、奇觀場面、喜劇段子，非常通俗，沒什麼深度（至少喪失了「哪吒」這個角色本應有的深度），但製作和娛樂性都不錯，應該會大賣。
314,看完心情有点复杂，只能说是雷点萌点兼具吧，不是我喜欢的那一款，但能看出来质感很好。好的地方当然是制作，确实是国漫标杆，甚至叙事部分也不差，是比较娴熟的类型片叙事。但我最不满意的地方恰恰就是很多人觉得燃的地方，这个片子里的哪吒和传统的“哪吒闹海”最大的区别就是，不再有那种六亲不认的反叛性了，而这恰恰是我觉得哪吒这个角色最吸引我的地方，是对父权最为彻底、最为决绝的反抗，甚至比石头里蹦出来的孙悟空还要六亲不认，是以自己的血肉之躯为代价获得彻底的自由，挣脱一切爱与伦理的锁链。但新版哪吒所谓的“我命由我不由天”完全是另一个故事，是网文式的逆天改命，好好活，不抛弃，不放弃，做有意义的事。。原版哪吒是野生摇滚，新版哪吒是摇滚人参加中国摇滚三十年研讨会。
315,挺好看的。除了不是哪吒之外。
316,技术上确实是国产动画新高度，但故事依然如那颗混元珠一样，魔丸和灵丸厮杀交错，始终未能浑然一体。回望《哪吒闹海》，还是老一辈动画人把握住了悲剧的精髓。不必硬蹭什么港式无厘头或美式皮克斯，因为哪吒本身就催人泪下。
317,"前半段略无聊的笑点太用力咯吱观众，远逊于后半段哪吒天生悲情的催泪作用让人触动
人物设计上主要人物还算有趣，但次要角色非常呆板
配乐有各种影子，特别是《终结者》
表演程式化，哪吒从咬母亲的手到温顺的变化，对比《风之谷》小动物咬伤娜乌西卡的段落差距巨大
小朋友设陷阱和回放段落重复动作显得乏味；影片过度迷恋动作戏，想靠密集的快速打斗提高影片节奏，反而将情节停滞。
对愚民的讽刺一开始似乎很有意思，但后面百姓接受哪吒的场景太一致没有任何迟疑，让歉意显得虚假也把前面对庸众的批判消解了。
但总的来说，本片是一部合格的娱乐爆米花电影。只是79年的哪吒闹海可不只是这么简单的作品，那是对十年浩劫的控诉，哪吒替天行道粉碎四条兴风作浪的龙，却还要自刎将血肉还给父辈，不连累父辈。那种大时代的悲剧能量，是核弹级的。"
318,3.5。真纯粹。虽然文本完全不是想象中的高级向，但“不认命”这个基本点在情绪释放上真是合理又张扬，放低一秒防线眼眶就红了。技术上丰富度、流畅度双高，也基本跟得上想象力，但质感依旧有欠；剧本前松后紧，在节奏和笑点设置上都有刻意之处，但整体已相当圆熟，多主题驾驭得当，去二元化也成效显著，对神话元素更深入更有机的结合野心已然初俱，完全超越《大圣归来》没任何疑问。作为后起，如果能把投机又扭捏的《银河补习班》狠狠爆掉，那也算这个暑期档唯一能给的安慰了。
319,李靖为哪吒贴上换命符，愿以薄命相抵天劫。龙王为敖丙披上万麟甲，欲以仇恨水淹陈塘。魔丸改变不了人族的偏见，灵珠拯救不了龙族的自由，黄金百战穿麟甲，不破陈塘终不还。海滩边他们惺惺相惜，混元珠转世投胎，不过是天神的谎言。生而背负部族业障，万千恶孽，他们始终囚禁在偏见的囹圄，自由的结界。
320,被主流归化，向父权低头，年轻人在动画片里找到了发泄戾气的机会，莫名的愤怒，无声的呐喊，被冠以做自己的名义。
321,观感很一般，又是技术环节走在前面，故事、情感和风格层面都明显用力过猛，每个人物都有油嘴滑舌之嫌，完全不纯真。绝对支持近来改编动画的风潮，这种形式对权力关系可能会有更自由更彻底的反省，但是挺遗憾的，现在看到的至多是反应出我们对权力的潜意识。几乎所有的人物动机都是外在的，都活在别人的眼里，完全没有内在的力量，都是权力的囚徒，不是真正的叛逆。完全不觉得燃，只有深深的沮丧。
322,角色们什么时候能好好说话？刻意强加的低幼的网络笑料不仅有损故事的流畅度，还增加了违和感。
323,人们总是夹紧双腿正襟危坐对电影里的异类奉若为偶像为图腾为英雄，却拍拍屁股走出影院后对身边的异类避之不及铲除剿灭泯然众人。
324,这是瞄准了封神这个大ip吗…虽然不知道乌尔善那个系列最后会做成什么样，但在真人版接连碰壁后，用动画的方式呈现也算是借坡下驴了…就国内来讲，观众对基于ip改编的动画的包容度要大大高于原创动画电影，而在真人电影这块情况则几乎是完全相反的，嗯，不过对于我个人来讲，除了封神里的元素（背景、角色等）外，这片里加的其他所有原创元素都不太对味。以及，给哪吒他妈配音的真不是张小斐吗，为啥一出场就自带欢乐喜剧人效果？
325,故事架子和人设不就是小鱼儿与花无缺吗？敖丙亮相的镜头，全程代入的是花无缺。这片是国漫史上一个进步，这是无疑的，但就是觉得特别可惜，特别可惜，特别可惜，这个魔丸灵珠转世成两个小孩的故事，主角其实跟“哪吒”一点关系没有，随便叫他小明小刚都行。但他占了这个名头和躯壳，把那个闪耀着万丈悲剧光辉的哪吒的灵魂挤走了。好烦“做你自己”的鸡汤套路。
326,“我命由我不由天，是魔是仙，我自己決定！”那么，申公豹、敖丙和忍辱负重数千年的妖龙们为什么不自己决定？太乙不必为贪杯误事负责，难道不是因为被师父钦点了“仙命”？一个官二代把整个陈塘关搅得天翻地覆，就为了找个自我认同？！哪吒到底自己决定了什么：仅仅是不理睬“白痴们”说什么吗？我不觉得哪吒故事就一定要弑父，事实上封神演义就把西游记里反抗性的剔骨析肉改写为孝道动机，后人当然可以继续改。可这种改动太说明问题了：当父权家庭悲剧被改成了中产育儿传说，当欺男霸女的龙王三太子被改成温顺英俊的悲剧少年，当活在神仙们欺凌下的无辜老百姓被改成了不断误解官二代的“白痴们”，你真的可以无动于衷吗？片子当然好看，简直堪称享受，但真正可怕的不就是这样的叙事正变得好看且享受吗？
327,虽然这个故事一直用最大的声音吼着“我命由我不由天”，但我并不觉得这个动画本身有挣脱某种“枷锁”。
328,"不行，这次我要站在你们大多数的对立面了。
优点固然明显，例如绘图设计啊，剧本完成度啊。
但是，较点真，粗鄙的笑点和混淆的设定，特别是最后老百姓们那一跪还是没有超脱出君君臣臣，父父子子的纲常。
我觉得我们喜欢孙悟空，哪吒这类神话人物且乐此不疲的改编，很大程度上是弥补了“叛逆”“犯上”“弑父”在现实中无法践行的心理诉求。
但除了寥寥这几个，还有谁呢？"
329,真是过誉啊，技术和预算都比《大圣归来》高了不少，但缺了《大圣》最成功的那一股劲儿。谁也不敢得罪，又把故事做得太复杂，一口气出不来。如果能爆，也只能归功于这个撤片档实在没片看吧。
330,有些梗，真的蛮low的…
331,无因的反叛，对着空气和闪电的怒吼。
332,制作ok啦，故事这么改也不是不行，反正也不敢照着原本拍。改编的重点是把反抗对象抽象化，不反体制只反命运，最后落到“做自己”，这其实是妥协。虽然能理解，但也是妥协。本质上，没有剔骨割肉和重塑肉身这一破一立的哪吒，是没有意义的。要看身为异类如何自我认同，不如看X战警啊。
333,命不由天的概念是好的…但还是有瑕疵太接地气了还有这给孩子看真的好吗？妥妥培养出毁天灭地型熊孩子
334,喜剧部分全程滥梗，角色设定也接受无能，制作完成度确实可以，基本抵消。观感其实跟银河差不多，审美相当，只是方向不同。
335,分镜和大概念都挺漂亮的。比较可惜的是，最关键的地方被“两年后”给略过去了。哪吒本应自觉触摸自己的魔丸/灵珠两面性，形成自己人格。现在变成了指哪打哪的无名火-小粉红。魔格由何而来？谁给了哪吒那样一把声音？贴了傀儡符的巫毒娃娃？因为人格建构的缺乏，电影最后成了一场大型祈雨祭祀。现象中小粉红和大冰蓝的合一什么时候才能实现？
336,"1、制作是精良的，电影工业是有长进的，
2、剧本的内核是媚俗的。阉割了“削肉还母，剔骨还父”的反叛精神，替换成“父慈子孝”、”用爱挨雷劈“的”正能量叙事“。这样一来，哪吒已经不是哪吒，而是一位成功接受思想改造的优秀少先队员。
3、对白大多是用段子堆砌起来的，未免单薄。致敬星爷的那部分也略显刻意。
4、看来”空手接白刃“已成为李靖的默认技能。
5、李夫人管哪吒叫”吒儿“，置金吒、木吒于何地？应该管哪吒叫”哪儿“……
P.S. 温馨提示一下：最后一个彩蛋不必等。"
337,中二你就好好中二吧，非得加那些低级笑料干吗呢
338,又一部好设定、烂剧本的国漫典型，长板效应在暑期档再次戳中了观众痛点——《哪吒》的剧作缺陷和胜利曲线几乎和《大圣归来》如出一辙。讲的是逆天改命和打破成见，中式超级英雄的反叛内核总能和时代情绪呼应。把全副精力都放在视效和燃点上，可幽默感是尴尬且失效的，故事细节和转折也难以推敲，从而让亲情与友情的元素变得非常羸弱。回想这些年的国漫爆款，独树一帜的还数《大护法》。
339,精致，也抓人，但观感微妙。迪士尼拍出这个可以给五星，中国人不行，中国人知道哪吒到底是怎么回事，不管怎么感人，哪吒能给爹学背书吗？
340,优点是故事节奏和画面都算流畅吧，但技术上并未看到比《大圣》有什么进步，成熟的商业动画吧，影院里的小孩子都看得很开心。为讨好大众难免有些媚俗，屎尿屁网络用语，卖基中二燃加感恩父母？最遗憾的还是改掉哪吒的死法吧，如果没有剔骨还父割肉还母，那用哪吒这个形象有什么必要吗？请蛮吉回来不就好了？
341,主角的戏写得很聪明，尤其做出来了哪吒和敖丙的关系，令人接受容易又不落俗套。但节奏是一大问题，不如本身的技术那样流畅。思想上要比大圣成熟，但没有大圣那样锋利，我个人不喜欢的是配音部分。题外话，我在漫威中看到了世界上那么多维护世界和平保持公共安全的各路超英，可是在中国的这样的动画里永远看到的都是反面的神仙，查无此人的元始天尊，阴险狡猾的申公豹，缺乏专业的太乙真人，玩忽职守的结界神，这些代表着上层的人总是要被塑造成这样的轻浮与标签化，也许一部分暗合了世人的想象，但真的并不真实生动。这个电影没有在任何一个其他的角色上做出真正丰满立体的设定，都是在一个维度里做得规范踏实，所以最后这个可怜天下父母心感人却不深刻。
342,哪吒和敖丙，其实就是小鱼儿与花无缺。魔丸和灵珠算一体两面的双胞胎，不同成长环境造就了不同的性格，一个是恶人谷魔星，一个是移花宫传人。小鱼儿不恶，花无缺却被恶人迷了心智，最后被设计打个你死我活。 
343,让人物智商下线来推动剧情是最低级的剧作方式。这个故事就是靠着犯蠢来推动剧情的，浪费了有趣的创意和设定。就算最后口号喊得再响亮也盖不住空洞的故事。导演说为了避免反派脸谱化做了很多设定，恰恰最大的反派陈塘百姓是最脸谱的，跟银河一个德行，群众就是恶的化身。
344,“作为新晋的国产动画旗手，我们希望新晋的黑马不止于利用好莱坞式的叙事方式来讲述东方神话，而是希望它可以在主题、在美学、在技术上有更加深入的开拓和探索，而不仅仅只是传达单一讯号——我们和好莱坞的差距，正越来越小。”
345,技术上很成熟了但是…
346,段子少点就好了
347,"哪吒是部很好的电影，
但是我看过更好的哪吒，
新版的差不多改编了整个故事，
从前的哪吒，反抗的是父权，是统治阶级，是所谓的优越感的天界权威。
现在的想哪吒，反抗的是虚幻的命运。
啥意思呢，就是好好听话，别折腾，你是谁，你有什么身份，都是天命所定。
真是非常主旋律的一部电影了。
所以我更喜欢那个自杀的哪吒，那个削骨还父，削肉还母的哪吒。
但是电影是不错的，推荐去看。"
348,没有稳定的三观，没有逻辑，没有文化输出，少儿不宜。
349,千言万语汇成三个字：看不惯
350,网络段子对本片的伤害是巨大的，除此之外，这片到底想说啥呢。
351,3星半吧。故事是全须全尾讲完了，燃的地方也能带动情绪，但为爹奋战真的不能接受……另外打完全村忽然单膝跪地嘿，这时候就很感谢复联4的导演把所有人朝着钢铁侠单膝跪地的一组镜头弃用了。
352,咱也不敢说，咱也不敢问
353,犯了和陈凯歌版赵氏孤儿一个毛病，把原著里最激烈的人性冲突给剔除了。
354,故事完整流畅，表达OK。最大毛病可能就是一个经典悲剧形象，经得起反复挖掘的深度，被迪斯尼化了，阖家欢乐四个字，注定止步在少儿档与真善美。我觉得甚至可以从赛博朋克人体炼金改造角度的切入哪吒这个命题，更别提都被痛痒乐团拿来做俄狄浦斯反叛标签的经典形象了。适合暑期档父母带孩子一起去看。
355,冥冥中有股党性...
356,价值观表达处理不好，上限就在那儿了。
357,远远比不上老版，哪吒闹海的个人主义对抗父权社会，反规训的摇滚精神消耗殆尽，取而代之的是集体主义认可和嬉皮笑脸，最可怕的是将哪吒本身充沛的生命激情变为了邪恶，又用家庭和集体相混淆的方式进行洗涤。最后变为了父爱无疆，友谊万岁与女权主义对个人自由和性情挥毫的压抑。可见四十年来价值观的惊人变化。
358,国漫就剧情逻辑是硬伤啊，也不讲科学。
359,我看哪吒，就是抱着观察代沟的角度去看的。因为票圈零星金句所代表的片子主题，不出我所料，一定会打动网络时代活在众人（庸众）普世价值观“无所不在凝视”之中、想要喘口气做回自己（有没有自己另说）的乖顺年轻人的心灵。片子把这个故事所蕴含的原本直刺中国传统文化中最隆重的父母与孩子关系的惨烈故事，柔化成了带入感极强、（小）中产、乖孩子主流心态的父母关系中，做自己，善战胜恶，父母、师傅为孩子奋不顾身………一部不错的主流商业片，为了支持国产动画片，我不后悔花钱买票进影院。对我来说最有趣的，是观察今天能说服年轻人的场景想象、像素精度，以及中国动画片如何在迪士尼和日漫夹击中慢慢摸索自己审美语言的那个过渡………
360,泼个冷水，“哪吒”的模式其实还蛮网文的，穿插着各种不合时宜的现代烂俗梗，尤其是在各种隐藏“大战”（封神战）、“等级”、“技能”术语悄然而过的瞬间，就令我不止一次地回想起无数个躲在被窝里偷看网络小说的夜晚，可惜现在早已不是这种年纪。“哪吒”的技术固然是无可挑剔的，然而故事略中二，深度如爽文，人物看似反传统，但其实又套路得可怜，逆天改命这种写烂了的东西大家是看得太少吗？就不要去妄想什么暗黑神话颠覆改编了，一切都是为了服务“画面”二字。
361,抛却一切成见，心平气和观看本片，非常负责任地说一句，真的难看
362,身为哪吒爱好者有些不能忍受这么多周星驰梗的化用，伴随主题上完全的悟空化，私心减一分。不仅是哪吒敖丙的正邪对立在中途来回180度翻转，李靖乃至百姓等人的立场也完全摇摆不定，剧情完全服务于个人鸡汤励志主题，相比起来，一反剔骨割肉的李氏一家相亲相爱反而还显得比较无可厚非了，毕竟是父母出票钱带小孩来的，你还能让他们演什么呢？
363,只要提到价值，中国电影的标准便会坍塌。明眼人都看得出，幕后黑哪是一脸奸相的大药厂，又或者，结尾辩方律师可以再底气不足一些。前后大发感言的两名老太，表演模式有何本质不同。徐峥的转变与倒贴，全是目睹惨相的愧疚觉悟——而在这样一部电影里，最不缺的就是惨。被消灭的，何止是戴口罩的病人
364,直面现实问题，勇气可嘉。但把矛头指向药物研发厂家是不公正的，药物研发需要巨额资金投入和漫长的时间成本投入。试想如果无人去研发药物，仿制药又何从仿起？对于病人来说，那才真的是只能等死。不过要是把矛头指向了应该指向的所在，这部电影也就无法上映了，所以想通过电影来改变现实的人，醒醒吧。
365,对《药神》所有褒奖都建立在中国电影市场的贫乏和落后之上，纯从视听剧作的技艺层面，《药神》只是一个中规中矩没犯错的工业标准产品，甚至在导演层面是平庸的，连一个令人印象深刻的调度或者美学设计都找不到，如何可能有欲望再看一遍呢？但它又给中国工业指向了一个正确方向...
366,病是一种罪，上帝也不能赦免；穷是一种病，药神也无法医治。思慧把脱掉的衣服一件件穿上，黄毛把留长的头发一寸寸剪下，程勇把缺口补上，受益把口罩摘下。法和情谁上谁下，命和钱谁上谁下，灾厄的红药水抹到谁的头顶，侥幸的救世主降到何方人间。许多人终其一生都在寻一种药，没药的世界我们能不能活？
367,“送出去挺好的，将来比咱们有出息”，结合全片看这句台词会非常有意思。前半段刻意营造的笑料过多，同时使得整部片的意旨变得暧昧不清，而原型人物的重量和意义也被那一个个太过戏剧性（和喜剧性）的情节所无形消解。以及，在这个首尾都需要字幕进行“立场矫正”的环境下，还是别类比《达拉斯》了吧。
368,怎么不能拿《达拉斯买家俱乐部》说事了？同样的题材，人家对人性挖掘地多好，我们只会煽情。
369,嗯不知道是该高兴还是失望，中国（全亚洲都)在向韩国看齐拍所谓改变国家的狂煽情样板戏，故事写的不错，但总觉得它们不是电影。
370,个人推动改革的一个好故事。归根结底，制药公司不应该做救世主，执法人员不应该做救世主，普通人就更不应该做救世主。救世主是谁？国家啊。得靠健全的医保制度。
371,年代感还算不错，挑点错吧：2002年4月26日（锦旗上日期）之前是不存在QQ群的；2003年百度还没有熊掌logo。
372,显而易见的，并不是一部多么出众的电影，却也是一部值得些许尊重的电影。
373,非常赞同的一句话—“不能因为题材好，就可以无视其他的都给高分吧”
374,很好的题材和故事原型，可惜处理的太飘了。主线故事不够扎实流畅，人物转变突兀没有说服力，支线乱加戏，过于热衷添设煽情催泪戏码。
375,全方位通俗且教科书，符合主流国内观众观影水准式的改编，这样的题材和最后的呈现能做到这样，非常值得尊敬，但整体艺术水准不如《嘉年华》！
376,戏里戏外，每一层文本都很中国。中国式现实主义其实是个童话，中国人世世代代都需要假想的侠，中国人有了钱就有了尊严可以砸人跳脱衣舞，中国电影的逻辑置换绕太多弯外国人大概看不懂，所以这个片子在中国取得巨大成功并没有什么好奇怪的，它迎合的是每个中国人的X点。
377,我就问药企的研发费用谁买单？市场经济这么多年了，商人还是地主周扒皮嘴脸，都晓得吃饭不能搞人民公社大锅饭，吃药就一定要全民AA？谁不同情病人，谁不担心自己没有药，谁不渴望延续生命？但不代表这病人所得到的救赎就真的那么理所应当。
378,改编改变了主人公身份，加了戏剧冲突，以此升华主角使其变得崇高，体现情理和法理的二律背反主题。可毛病不少：脱口罩礼赞加夹道欢送，这是什么待遇？有造神嫌疑；特写多，摇镜粗暴，艺术性差，由此剧情显得非常扎眼，易被认为在绑架观众。但演员出色，感情细腻，加上题材缘故，还是给个中评吧。
379,我更喜欢原型故事。
380,这种电影，给个五星容易，给三星很难。
381,这种电影，给个五星容易，给三星很难。
382,国产电影阉掉的结尾多少分都扣没了。在各方力量挤压下批判现实主义在当代已经完了，能指与所指脱节后迎来的是幻象批判主义。在影片里到处都是无意识：赚一笔就离开这里，一定把孩子送到国外，有了钱生命仍然欠缺意义……实际上把所有可能走过一遍之后，会发现唯一有效的路一开始已经摆在那了：去上访。
383,可能人们离现实太远了，看到一个和现实稍微沾点边的电影就全民狂欢了。。这就是一个普通的商业电影，病态的电影市场
384,3.5，上海买家俱乐部。整体还不错，前半段展开分寸拿捏的可以，后面过度煽情了，几乎五六分钟就要来一段情感宣泄，用台词对主题的不断强调也显得重复。最后十里长街送药神的配乐也太主旋律了。感觉作者后面没沉住气，急切地想把所有话都说出来。
385,非常拧巴的片子，讲了个有价值的现实故事，但每个元素又都不对：最根本的郑筱萸和高额关税两个真靶子，被医药公司和公安局局长给顶锅了；程勇有陆勇的原型，可陆勇本身又早被利益腐蚀掉了；假药骗子张院长活灵活现，生活中这些人又没有得到惩罚……种种红线把这片子拴得死死的，结出一个心酸的怪胎。
386,看到两股势力的交锋，却没看到锋芒下的冒险精神，题材本身所具有的深度在迫击炮般的泪点轰击下被冲淡不少，更何况此中个人神化的倾向性太过乖张，虽能一语中的指出诟病所在，但这样的蜻蜓点水无论从哪个角度看都像极一场模式化的兜售，权衡和融合后本质也仍是求稳心理，但这不能怪创作者，大环境如此。
387,电影将“陆勇案”进行了戏剧化改编，把主角的身份由病人改编成商人（这一改编对整个故事架构、人物设定造成很大影响），并以男女老青各种阶级身份的病人、家属作为配角，展现了病人弱势群体众生相。将大医药厂商代表立为反派（迎合国情？）。在中国电影创作环境下，本片确实为难得的关注现实题材的力作。编、导、演整体不错，但也不够突出，仍有不少套路与瑕疵。不时出现的喜剧元素减少了苦难煽情成分，但也削弱了稳重的现实风格。警察角色不够立体，其表达出的善意缺乏动机。结尾为过审而“正能量”的风格也让人遗憾。演员表演和剧本的深度、完成度与《达拉斯买家俱乐部》以及诸多韩片现实题材电影相比尚有差距。值得鼓励，但不值得过誉
388,谭卓有点郝蕾的意思。
389,从印度药神，中国药神，最后上映成了我不是药神，悲剧改喜剧。导演镜头设计有很多瑕疵，但精准戳中了社会情绪点，预计票房50亿。医疗、警察、海关系统，全都黑了一遍。没有版权意识的观众很容易接受这种思想：你花十几亿美元研发灵药仍然是奸商，我不努力挣钱不买保险不锻炼身体得病就应该吃到药。
390,可能煽情部分对大多数老百姓来说，是做的很到位，我这种身经百战的豆瓣er可不吃这套😓，片子不坏，题材好，值得看看，三星半吧。媒体吹的上天，也有点滑鸡
391,题材3分，前半部分3分，后半部分1分，结尾0分。高分说明讲好一个故事在现在的院线已经是多么难得的事，以及，不能把讲不圆一个好故事的锅都甩给广电总局。结尾可以好很多的。
392,印度仿制药是拿印度患者做实验的，根本不考虑人权，全世界盗版侵权都被诟病，不知道为啥印度仿制药这样就被赞扬。短时间内这种便宜药可能对部分患者有益，长时间来说这种情况泛滥以后就没有公司愿意研发新药了，现在很多便宜的好药已经没有厂家生产了，没有利润，厂家也要发工资吃饭。
393,社会上只有一种病就是穷
394,对韩国电影和《达拉斯买家俱乐部》现学现卖，非常模版化，也非常有效。戳中了观众的某些痛点，但改编的程度过大，反而隐藏了真正的现实。如同《辛德勒的名单》里撒出的是水而不是毒气，这类题材在造神的同时，也背负了粉饰历史的原罪。
395,善良是一种选择。题材难得，成功造神，真实事件作嫁衣，换个名目也成立。人物特点突出但落不下去，患病停药有什么后果，何以至此？一概不知。狂欢似的拔地而起，现实一敲打就退缩。前一半飘，后一半煽。仅以法大于情、求生无罪拷问现实，很弱。意不在关怀，而在巨婴社会做好人难。演技合格。好项目。
396,题材过审不易，煽情肯定削弱了力量。宁浩本来要导的
397,挺好看，演的厉害，拍的聪明，也跟着度过了一段哭哭笑笑的时光。弱与用力过猛的地方、PPT式煽情的地方，作为消费者，觉得可以理解，乐意支持，也愿意推荐给更多人。两星扣给作为观众的这届年轻人。从什么时候，看电影要比拍电影更用力了？
398,什么是恶？恶意引导群众就是恶！进口药贵是外商的锅吗？
399,不懂见好就收，停在母亲出现前的一刻都至少圆了个可以称为动人的结尾，偏偏还要自作聪明再剪几个反转，朴信惠最后一幕都被拍的像国产恐怖片镜头，简直和全钟瑞的MV式演技一样用力拙劣。
400,知道她已经杀人了 不问就好了 被警察抓住完美
401,《超时空来电》《海市蜃楼》《黑洞频率》《手机》，结尾的反转真是鸡肋，不如编个套路把开头女主丢的手机做做文章
402,"养母虐待英淑是英淑的一面之词，善希说英淑养母救了自己一命。
英淑和书妍一样，也有幻谎症。
养母之所以杀英淑，是因为她能通灵，能看到英淑未来会成为杀人犯（第43分钟）。
书妍明知道英淑是杀人凶手，居然还去问她。
而且还动不动就挂英淑电话，从而激怒对方。
如果书妍不去问英淑有没有杀人，也不激怒她，而是装傻，说不定她的父母都能活下来。
没错，如果书妍不激怒英淑，就没有后面的剧情了。
所以编剧是为了推动剧情而推动剧情，不在乎是否符合逻辑。
英淑杀了那么多人，甚至囚禁小孩、杀死警察，居然逍遥法外20年都没被抓住，还能继续作案。
依然是韩国电影一贯的操作，给警方和主角降智，给反派开挂。
虽然不喜欢“正义战胜邪恶”的老套剧情，但这种主角、警方智商欠费的电影也没什么好看的。
平行宇宙、人格分裂都是过度解读，平庸之作而已。"
403,朴信惠那个角色给的筹码太少了，中间还发了两次昏（一次把预知对方会落网这一最大底牌起手就给白扔了，一次把捡到物证的拾荒老人真实信息透露给对方），导致力量悬殊被吊打。她那阿西吧绝命一吼后，观众以为她能来个爆种反击什么的，然鹅并没有什么大招，让这个角色看起来像个强行被降智来给反派开挂的工具人
404,这种为了反转而反转的技术流没有全钟瑞完全撑不起。
405,前面很好。父亲复活之后天使女主智商清零。恶魔女主全程让人反胃。
406,原来2020朴信惠才是赢家 又是和刘亚仁又是和全钟瑞搭戏的 
407,7分，两个女演员都很不错，尤其是全钟瑞。
408,妈的可真会营销啊  期待满满的看完  就这？？？反社会障碍人格可真是万金油人设  最近棒子编剧就逮着这一个薅 无聊…反派无厘头变态 女主傻白甜 报道都出了还“是你杀的 没错吧？” 造孽啊
409,相比于前辈《超时空来电》《黑洞频率》还是拍出了点新意，前者都是过去和未来互相拯救，《电话》却是救下过去本已该死的杀人狂魔。本可以是一场精彩的斗智斗勇，但无奈两者没能势均力敌，而是严重一边倒。就连最后本已升华而略感人的结局，在网飞商业化的刻意反转下也失去意义。
410,还不错 信惠欧尼真好看～
411,为什么未来改变之后她没有过去的记忆？这个BUG太大了吧。
412,韩版《超时空来电》plus，女主可真是白莲婊啊……虽然在道德层面上没法站女二，但是女主这波过河拆桥也是活该啊。最后反转有点尬，还不如一气呵成来得畅快些。金钟瑞演技nb
413,跟连续杀人魔通话，也是把跨时空通话的老梗玩出了一点新意，但剧情很多东西都经不起细琢磨，两位女主演技对比，那也明显是我们燃烧女孩全钟瑞更胜一筹！
414,題材沒什麼新意 幾個反轉下面下了功夫。你無法改變過去 過去連接著現在 而且現在因為過去的改變會越來越糟 十幾年前的蝴蝶效應早就告訴你了。（樸的演技顏值都不在我的審美範圍內 倒是金從燃燒表現就挺不錯的 這部直接吊打樸啊）三星半吧。鼓勵下新人導演。
415,65/100，对经典模式的改写与拓展成功做到了本土化，而以硬设定直接快速地引入类型叙事也是蛮大胆的做法。全钟瑞的优秀表演帮助了情境的快速缔结。逻辑问题主要是在设定，而人物的行为逻辑合理便足够，所以带来了足够紧密流畅的节奏。但在可以结束的时候刻意反转其实是自作聪明，多余得挺没有必要。
416,一直被模仿的《黑洞频率》，却从未被超越过... 最后一分钟拯救照着抄都抄不好，一下泄气了。
417,朝鲜语脏话教学
418,气氛倒是还行，可是bug未免也太多了吧，历史都被改变了为啥自己会没有记忆？要是女主童年被绑后醒来发现杀手成了自己妈说不定还能好看点
419,这水准都能被封神吗？
420,这种片不同于蝴蝶效应和恐怖游轮的严谨性，即无论怎么改变其实已经发生了，而韩剧包括信号和九回时间旅行，都是两条线同时进行，即过去和现在同时进行，过去可以改变未来走向，过去没改变前未来是不知道事情走向。
421,女孩的内心世界用类型化的手段来表达，试图与过去的自己达成某种和解，这是整个戏剧创作的基础。两个个体至少有二十年的时间间隔，唯一的联系方式就是电话。看到最后竟然都撕扯到一起，完全把苦心经营起来的尚且稳妥的模式结构破坏了。节奏不错，急缓、冲突转折、层层递进，越往后越重口，美学上一直在走下坡路。这女孩在乡间的路上奔跑时，我都能想起至尊宝来，就差喊般若波罗蜜了。整体上比较完整，调度不够精炼，至少有《电锯惊魂》《杀人回忆》的影子。
422,朴信惠有点像以前一位学生。
423,前面节奏和演技都太烂了！！直到全钟瑞开始变疯，我的妈整部戏都不一样了！过程中的细节和收尾都太潦草，只能靠后面几次反转来撑，还是挺紧张的
424,虽然构思不算新鲜，可看在东亚弄出这么难得的类型片上想给个四星，但最后还是被一大堆不必要的废话给恶心到了。观众知道的太多，看着一堆角色傻儿吧唧地说这问那然后送人头，体验真的太差了。
425,紧张感和让反派赢很好
426,【Netflix】作为翻拍片，将复古的电话穿越设定在剧本本地化和包装上用心打磨了一番，将怀旧电视节目、流行歌曲与当代互联网元素结合，做足商业恐怖惊悚氛围，成果不错，细推敲还是有不少一笔带过模糊不清的地方。全钟瑞的表演是全片最亮眼、最惊艳的闪光点。角色的狰狞、可怖、疯癫、悲剧性呼之欲出。此片加上《燃烧》，此女未来演技星途不可限量！彩蛋反而有画蛇添足的刻意，大可不必。
427,最后一幕是什么鬼？？？
428,3.5。
429,《黑天鹅》+《信号》=《电话》。
430,3.5，还能看，格局太小了
431,有点儿莫名其妙 女二演技厉害
432,ring，铃声与圆环。
433,本该是一个和母亲和解的故事，可惜该有的戏没做足，最后硬要往烧脑神片上靠，略微遗憾。
434,翻拍2011年的《超时空来电》
435,导演借用了一个非常吃结构逻辑的老套设定，配套满屏bug的剧本，编排了双时空反向救赎的猎杀爽片，硬生生一部魔女养成记。尽管后半段渐入佳境，但故事铺排阶段的因果硬伤依然严重到影响观感的地步。片子本身加入非常多类型元素，有对人类宿命论的尝试探讨，包括巫女为何可以提前洞悉女儿的未来？难道仅仅只是依靠神力？时空线索的嵌套或许比观众看到的更为复杂。另外也想到，我们的身边人，会不会在某个时刻，也经历了蝴蝶效应。细思极恐。
436,韩国惊悚片太喜欢故弄玄虚了，本片也不能免俗。故事中规中矩吧，主要是看到开头脑洞了一下全钟瑞会不会是女主她妈，结果剧情还挺平常的
437,时空无法穿越，但人格可以分裂。电话在脑中响起，人在现实中杀掉。
438,3.5，还能看，格局太小了
439,有点儿莫名其妙 女二演技厉害
440,ring，铃声与圆环。
441,本该是一个和母亲和解的故事，可惜该有的戏没做足，最后硬要往烧脑神片上靠，略微遗憾。
442,翻拍2011年的《超时空来电》
443,导演借用了一个非常吃结构逻辑的老套设定，配套满屏bug的剧本，编排了双时空反向救赎的猎杀爽片，硬生生一部魔女养成记。尽管后半段渐入佳境，但故事铺排阶段的因果硬伤依然严重到影响观感的地步。片子本身加入非常多类型元素，有对人类宿命论的尝试探讨，包括巫女为何可以提前洞悉女儿的未来？难道仅仅只是依靠神力？时空线索的嵌套或许比观众看到的更为复杂。另外也想到，我们的身边人，会不会在某个时刻，也经历了蝴蝶效应。细思极恐。
444,韩国惊悚片太喜欢故弄玄虚了，本片也不能免俗。故事中规中矩吧，主要是看到开头脑洞了一下全钟瑞会不会是女主她妈，结果剧情还挺平常的
445,时空无法穿越，但人格可以分裂。电话在脑中响起，人在现实中杀掉。
446,那股子惊悚压抑的暗黑悬疑氛围营造的蛮好的。借了人家好莱坞时空对话改变未来的创意，主题和剧情上还是翻出了点新花样（不过论逻辑严谨度不如《九回》，剧情合理度亦不如《信号》）。反派立场属性的转换：被困少女—嗜血恶魔，双女主关系的置换：互帮互助—敌对决裂。朴信惠的皱眉苦瓜脸演技被气场全开的全钟瑞吊打得连渣都不剩（人设太蠢也是减分原因之一），足可见偶像派与实力派之间有壁。
447,胶着…不适合周日晚上看
448,壹件小事引發的蝴蝶效應改變人生是不假，但總體表現的有點亂來了，韓國挺喜歡密室啊（寄生蟲），建議不要隨意聽信陌生人的電話害人又害己。
449,一般般！一点不吓人！但是好久没看到连环女杀手（不是女鬼） 算女权么？！
450,过去改变未来里比较有新意的片子。
451,期望太高，前一小时太拖沓
452,韩国的美式商业片之路，蝴蝶又来煽动翅膀，呃，不同时空同一栋房子用电话链接的两个女人，以为救了个被养母虐待的可怜人，结果……还混了驱魔元素笑死。
453,质感很不错。不过结尾编剧有点自作聪明了。
454,3.5。逻辑自然经不起细想，但是大部分时间里算是能够自洽。收尾的三十分钟是大败笔，一方面让成年后的书妍完全处于被动无所作为的局面，一方面又流于暴力解决问题的俗套而不是更高级的智取来化解一盘僵局。而且，最后的彩蛋其实也有点画蛇添足之嫌
455,女主有时候聪明但有时候又犯蠢智商不稳定（可能是为了推动剧情），后半段质量开始下降，两段搏杀交替剪辑看起来混乱，最后结尾彩蛋画蛇添足
456,合格的类型片，编剧一定借鉴取经了不少了吧，彩蛋没有必要。全钟瑞起点真高，这才是她第二部电影，未来可期。相比之下，朴信惠发挥不差的，但是否仍在舒适区。
457,设定逻辑完全显露出来后就没有了吸引人的情节，每个人的死亡只是暴力的累加，缺少循序渐进的情感转折和推进。
458,不可挑战掌握命运之人，更不可挑战挑战掌握命运之人之人
459,第四十分钟起本应是高能节奏，但慢慢泄了气，差了那么一截，韩国这几年真是多人间邪魔电影。
460,老梗新玩，有点意思，没大意思，又是驱魔又是连环杀手的，设定连同情节都太飘了。金钟瑞这个邪性气质，啧啧，还能继续开发。
461,知道导演是90后，惊叹不已。
462,逻辑不通硬伤较多。
463,就还行吧，都是别人用过的设定，没有太新的东西，最后的反转也没多大意义。
464,3.5 恶魔姐姐太飒了吧。稍微没够上期待，但是演技不错，题材玩出了新东西，逻辑有点乱。
465,很棒的悬疑
466,一般，不够感人也不够悬疑也不够科幻也不够烧脑
467,精彩是精彩，但经不起太多推敲，时空设定比较粗暴。
468,反转到后来显得画蛇添足了
469,导演根本不在乎这个设定合不合理，科不科学，他在乎的是刺激，揪心，残忍，无助，很好他做到了，还秀了一波母子情深。
470,认识了一个叫金钟瑞的女演员，演技爆表，都盖过朴信惠了，结尾的反转有些画蛇添足吧
471,这部电影剧作层面没什么可夸赞的，逻辑也难自洽，不能深究。不过制作层面在灯光以及服化道，可以说相当用心了。很多恐怖的氛围是通过光影做到的，整个制作水准都高于国内恐怖片，国内的恐怖片要么是全黑式的阴森森，要么只知道打个冷光。
472,除了有点炫技，完全看不出是90年导演的处女长片，太从容流畅了。全钟瑞200分
473,韩版农夫与蛇
474,没看过原版，就韩版故事来说不断篡改未来的设定也太不遵守科幻片定理了，不过这样的确来自过去的威胁感更强，加上全钟瑞的嚣张表演，跨越时空虐杀你的氛围是出来的，与之相比朴信惠的现在时空完全被压制，没构成双方势均力敌的斗智斗勇感，最后只能回归到母女情的支线，但好像又缺乏和解过程，还搞了个画蛇添足的反转，比较可惜。
475,还是这种跟过去搭上线，妄图改变过去的老套路。朴信惠演得也不好。
476,惊悚有余，逻辑不足，两位女演员演得很不错
477,我还以为我们家东龙演的警察能有点什么作用，结果一秒被杀😢
478,"2020.12.06
画面不错，色调挺漂亮，演得也蛮到位，但这个题材实在太太太老套了，而设定的精细程度却还比不上这类电影的老前辈《回到未来》、《黑洞频率》。"
479,大反派血条也太厚了，中间有个笑吓到我了，其余的还好
480,电话时空穿越已不算新鲜，连线互杀还算有趣，全钟瑞的洒脱演技跟朴信惠一比后者立刻逊色不少，另外结尾挺没必要
481,凑合吧，下饭不错，看评论感觉模仿了不少超时空来电和黑洞频率，但是bug太多，女主智商堪忧单方面被虐，结尾反转更是俗上加俗。
482,中规中矩，结尾强行反转、疯婆子演技好叼，朴还是过于表面，但爆发场景还可以。
483,编的挺圆，但跟所有恐怖片一样，基于女主胆子大加不要命，不然正常人不会大半夜独自砸墙，后面也就不会有展开，属于强行设定。话说女主演技太差了，从《活着》开始一直延续到现在的烂
484,全钟瑞妹子很可以
485,金钟瑞演技真的吊打朴信惠... 还是喜欢看主角反杀的片。
486,结局到女主妈妈走着走着消失了就够了
487,结尾一定要这么惊悚的吗
488,韓國人抄橋再工業包裝的活兒是沒話說，幾個番都做足設計；人物簡單粗暴，玩弄敘事戲耍觀眾就不談了；全鍾瑞被李滄東調教後演戲很瘋，倒是最大亮點。
489,看了个英文配音版，黑人问号脸？？！全钟瑞好评，闪灵梗好评。
490,给大众看的艺术家电影，很多煽情与细述很不必要，但是很多人喜欢
491,最长的一版完全是顺着煽情的每一个Ｇ点往下走的，坏处就是高潮多了人也会厌的。另外从小就好奇男二的眼睛为什么会小范围打转。
492,ＭＳ肖申克１０周年，此片，《肖》，《迷失东京》三部连看，可惜皆有徒有虚名之叹。
493,逃避也能被说成伟大？懦弱也能成为共鸣？浪费我三小时！两个三小时！
494,很一般嘛而且我觉得片子拍得太做作了……
495,叙事方式抄袭泰坦尼克，钢琴弹得飞快就是好，把懦弱美化成坚持。总之我觉得这部片子担不起这个评价，我虽然也是个社恐，但是我每天都打起百倍精神去应付这个操蛋的世界。我们要死皮赖脸地活下去不是吗。不过那个画从墙上掉下的隐喻还是很喜欢的，爱情来时的钢琴曲也真的很美，让人想起肖邦。
496,典型的影迷口碑虚高平庸片，MTC58分和烂番茄的54%不是白给的 ★★★
497,朱塞佩的文艺还是太过直白了，无论是剧情设置还是镜头语言都是如此。一些完全可以让人回味无穷的行动最终还是用各种各样的语言讲了出来，档次真是降低。而且不得不说，越往后越矫情，搞得不好。海上钢琴师有一股莱昂内的味道，尤其是音乐让人瞬间想起美国往事。唯一不变的就是莫里康内啊。
498,2.5 / 125min / 看到那段最经典的午夜钢琴戏误以为托纳多雷这次要脱胎换骨了，结果之后还是在叙述者与被叙述者的关系中彻底迷失了方向。1900和Max的情感到底如何建立呢？是刹那间边缘性的相互确证吗？还是一种艺术中的超验联结呢？这一环最核心的情感蓄积是如此薄弱抽象，以至于两者都同时变得中空。1900既不能被提炼为蜷缩于现代性无限扩张世界中无法被命名的概念物，又不能成为一个足够丰满的人物，而只能作为Max的一种情绪寄托而存在。然而当最后的寻觅与谈话完成时，Max的落脚点何在？恐怕还是被托纳多雷所预设的那一点艺术怀旧罢了。不过不可否认这一试图以诗性穿透“世纪”的构思还是很棒的，只不过又一次看到托纳多雷把这些灵光闪闪的点子毫无章法地乱堆一气时还是很茫然罢了。
499,我们无处安放的孤独。是一部典型的后现代、解构主义的影片，其反工业文明物质成果和精神成果（价值观）的倾向非常明显。也是一部带有荒诞主义色彩的电影，在豆瓣的热捧说明我们这个时代的文艺青年们严重缺乏精神信仰。
500,最终他还是个孩子，因为只有孩子的眼中死亡不比恐惧可怕。
501,最终他还是个孩子，因为只有孩子的眼中死亡不比恐惧可怕。
502,特定环境下成长出来的特定存在，还是不要轻易的改变。好难想象离开之后会是个什么样子。
503,天才都是孤独的吧，这是一个悲伤的故事！
504,看过这个电影，本身被音乐，剧情，画面所折服。后来看了Lie to me，突然想起，哎，这不是演钢琴师的吗？这才佩服起主演的演技来。钢琴师是孤独的，高傲的，他曾有踏上大陆的机会，可是他放弃了，不知道他为何做了这样的决定，若是不向往陆地，何苦挣扎？若是向往，为何又放弃？
505,挺意大利式抒情地讲了一堆美丽的谎话
506,超过9分的超高分让我对它期望过高，看完后没触动我。1900最后跟MAX讲自己不愿下船的那些话我完全不赞同。而且想下船是因为一个女人，最终没下船却编了极牛逼的理由，真不要脸。男主气质也不合。想到《钢琴师》，艾德里安才是演到家了。
507,梦想注定是孤独的旅行
508,2018年上映二十周年的电影。距离上一次看，大约也是十年前的事儿了。一位出生在1900年的钢琴天才，他一出生就被遗弃在游轮的头等舱一架钢琴上，那之后 他一生都没有离开过这艘游轮。我依然记得他在颠簸的游轮上打开钢琴滚轮自由弹奏的样子、记得他和爵士音乐Boss斗琴的样子、记得他试图下船又转身回头的样子。我始终无法理解他的内心，我想这大约因为我不是一个有卓越才华的人，因为只有天才 才能理解另一个天才吧。
509,斗琴的部分确实精彩，“宅”的太彻底，不值得学习，呵呵。这部电影并不是想表达什么，只是展现一个人生，一个天才的一生，并感慨和叹息。对我而言，这只是个故事，讲述另一个人的一生，听听就算，没什么特别的。6.5分。
510,内个白龙好像塔矢亮！其实这是个爱丽丝漫游奇遇记的东方版呢！
511,忘了名字就不能回家、贪吃就会被变成猪、不努力工作就无法留下，这些小孩子无稽之谈的幻想进入到画面中，电影替人做了一场白日童梦。白龙莫名的守护、无脸男持续地相随、小少爷义气地相助，千寻的一路多幸运。每一天都是一场道别，幸好故事里还有信念能够追随。可现实里太多无可挽回，倒不如一梦方休。
512,剧情是千寻一家人来到废弃游乐场探险，爸妈因为吃了食物变成猪，千寻独自一人在游乐场生存并救爸妈的故事。千寻也具备许多优点，坚强勇敢，不放弃的精神。也得到了许多人的帮助。最终凭借勤奋善良解救爸妈。很温馨朴实的动画。老少皆宜合家欢电影。无脸怪也很有趣，但过程略显平淡。整体一般吧！
513,不能吃太多不然会被杀掉，就好像是在高速人们不能贪的太多要有个度，不然会遭报应，不好好工作努力生存，就会被淘汰，宫崎骏的电影都是直入人心的，不像一针见血，让你慢慢的就感觉到了他要说什么，期待宫崎骏以后会有更好的作品👍
514,"一个关于寻找自我的故事
我并不太喜欢"
515,挺好看的，宫崎骏的动画果然是经典
516,很久以前看过，这几天无聊又重温一下，人不能贪婪，千寻在寻找爸爸妈妈的解药过程中，遇到了无脸男，一直陪伴她，千寻刚开始有点害怕，后来好了很多，还有慈祥的锅炉房爷爷。很不错的动漫，很喜欢。
517,以前我覺這片很好看，很豐富。幾年後我得承認我是跟風跟捧。它其實是硬要搞出一個大戲，硬要來談生命哲理，整個企圖與操作有點牽強。不知道怎辦，只好一直加花樣。就像畫畫，怕畫不好就添好多筆或好多東西。像請客不請酒席怕沒誠意。龍貓、魔女宅急便皆勝本片。這片很歧視豬，哈哈哈（嘆息）。
518,以前我覺這片很好看，很豐富。幾年後我得承認我是跟風跟捧。它其實是硬要搞出一個大戲，硬要來談生命哲理，整個企圖與操作有點牽強。不知道怎辦，只好一直加花樣。就像畫畫，怕畫不好就添好多筆或好多東西。像請客不請酒席怕沒誠意。龍貓、魔女宅急便皆勝本片。這片很歧視豬，哈哈哈（嘆息）。
519,一个干净浪漫的日式童话，要是不写爱情的话多么好。那么细密温柔的年少情怀，与长河相恋那么美，终归一场梦。仿佛宫崎有两个，希望东京崩溃杂草重新接管世界的宫崎，编织着酸甜少女成长幻境的宫崎，而我只能取其一。我大抵与千寻擦肩而过，十年前的我似懂非懂，十年后的我已无法共鸣。
520,基本也就那么回事了，全宇宙最高票房动画我还以为多么神奇，结果只是纯粹的商业动画，误入的那个世界算是个凑活的背景吧，这个故事是在暗示人要活着就要工作吗，后半段有变成爱情冒险剧了，我觉得要是把夏目挖出一段细致做做能比这个强，河神那个是在说环境问题，难得这部没有飞艇，还不如红猪。
521,这电影看的时候不晓得为什么我只感觉恶心。
522,真的很好看，对于这种题材，真的很喜欢，而且这剧情也很棒，赞
523,在印度看得169分钟，一部处处衬着男权和父权的女性电影，女儿没有任何选择权，被父亲残暴地教育成为世界冠军，这个冠军的“正确“结果就意味着父亲教育的正确了。意外这部电影宣传期在国内口碑这么好，大家去看完整版吧认知会反转的
524,不聊三观，这就是一部通俗的励志片，千万别以为这是今年的《三傻》。
525,技巧方面还是很厉害的，很多煽情和励志的点都特别舒服，以及，阿米尔·汗真是努力。
526,励志和煽情都拍得特别使劲，甚至有点过头了，一到稍微有点要起情绪的时候就变成MV。感觉我们国家可以照葫芦画瓢拍很多这样的啊！很套公式的，不难拍。有很多鼓励女性的鸡汤话，实际还是个男权社会的毒瘤产物啦，从头到尾都在强调父亲的梦想，两个女儿自己的态度创作者觉得并不是重点吧
527,过誉了。全篇三个感动来自于战胜男摔跤手的女摔跤手，打败父亲的女儿，十四岁结婚的小姐姐对女主角们说，至少你们的父亲是爱你们的。关于父权，我认为这部片子意义在于给印度农村女孩提供了生活的另一种可能。
528,爱国主义教育片，把对手的发言拍的像日本鬼子一样傻
529,没有好到那么浮夸，也没有烂的一无是处，整体而言，是一部中规中矩的电影作品。依然是类型化的运动传记题材，所以还是那句话，这类题材拍烂了其实也挺难，但拍出新意其实也不容易。
530,爸爸不也还是直男癌。价值观无法认同。主题曲太魔性。最后放印度国歌印度人纷纷站起来吓尿。
531,座位前方那位脱了鞋把臭脚搭在前排座椅上玩了大半场手机的中年男，在演到最后摔跤比赛的时候竟然站了起来拍掌欢呼！我觉得他上豆瓣的话，回去肯定会给五星。
532,电影情节还可以。但是一想想要是我是吉塔的话，我想我会疯。这是多大的童年阴影啊。也只有极少数才会成为这样的冠军，大部分人是普通的。这样的家庭和教育带来的影响和成长经历我觉得会令人崩溃。虽然是真人真事改编，但这里面传递的价值观个人并不苟同。
533,主旋律，又红又专
534,故事是好故事，就是对民间科学完胜官方科学这件事观感奇怪。
535,女儿因为惰于训练向父亲道歉，父亲因为勤于干涉向院长道歉。一位青春少女爱美爱玩爱涂指甲油，她有错么？一位严厉父亲让孩子走向冠军之路，他有错吗？训练方式值得商榷的教练没有道歉、把父亲关进场馆仓库的恶人没有道歉、逼迫女子与锅碗瓢盆相伴一生的社会没有道歉。这个世界有太多的歉意，未说出口。
536,"2017/01/07 12.30@Empire Cinema, London 脸谱化的角色，可预测的情节。女权又不是女人当男人，跟长头发较什么劲？腱子肉够结实，囊膪够油腻，摔时看着真揪心，生怕谁窝了脖子。除了感叹演员都真敬业以外，没什么好赞的。2.5星，饶0.5为音乐；2017/05/15 19.10@中影国际影城永旺店(1厅)，北京 with mum"
537,下映了，补一下。
538,下映了，补一下。
539,这个电影最大的卖点不是励志，也不是女权，而在于它给了大众一种审美上的优越感——“我好棒我好厉害我看了一部真正的好电影我和别人都不一样刘德华算什么我认识印度刘德华！”电影本身没有错，无端端就成了大众互嘲、互撕、互踩的工具，跟当年的《大圣归来》一样无辜。
540,看之前期望太高。印度实在太落后了，这么错误的教育方式都变成了进步。好可悲……强烈的父权让人恶心，本以为中间会有转折。让我想起日本动画里那些从小被培养的机关枪少女杀手。阿米尔汗制片又主演，导致节奏特别失衡。因为之前看过一个摔跤主题les porn系列，每次女女摔跤时都觉得像在看A片。电影节
541,电影技巧一流啊，一流的导演编剧演员摄影，也很符合当下印度的社会大背景，但是，比起“你要赢”，我更喜欢的父爱是“即使你再平凡，我也以你为傲！”。
542,去看看《狐狸猎手》吧
543,阿米尔汗的片子总能骗取我的眼泪。不过打着捍卫女权的旗子，片中处处展现出的确是父权和男权，一直在说爸爸的梦想，可考虑过女儿的想法？只是成功了被人膜拜而已。别认为是2017的三傻。
544,看朋友圈有人谓此片乃“值得过誉的过誉”，看完后深以为然，爱国的目的性与自我实现在父亲身上主次不分、合二为一，也令女儿所代表的“女性解放”议题变得泛泛且充满疑点，作为超级主旋律，影片也并没有放弃观照所有的四乡八邻、体校官僚，在所谓“接地气”上，远胜某国同类电影。
545,内容简单，题材讨巧。有的地方会打动你，但你知道这并不是艺术水平，而仅仅是因为那一段讲述的东西契合所有人的泪点。
546,一开始两个女儿很不理解父亲，一个同龄人和她们说你们的父亲其实是爱你们的，不然只能像我这样早早地嫁人生子，然后她们就彻底转变了对父亲的看法。商业片在处理人物心理变化的时候总是这么草率。以及，这两种人生真的有明显的优劣之分？
547,虽然是女权主义电影，但是其实是非常传统的家庭非常霸权的爸爸……这算什么女权……
548,这种片子国内也可以拍。不必过誉。
549,致因钟爱阿米尔汗且被各大公众号狂推而想看此片的小伙伴们:建议把此片资源删了。风格平淡！价值观扭曲！完全不是之前的风格！我用两个半小时时间不是为了看你奥运拼搏精神的！跟十多年前的国产奥运片相比，除了活儿细点，毫无区别。
550,套路励志片
551,两星半/问题不在性别而在于极端的孤立片面。开头矛盾呈现比《百鸟》丰满，然而之后开始滑坡，到最后一刻都没能突破“爸爸是对的”的框架。因而其他每一个人物都抓马夸张符号化，全部为男主服务。这时候反而见出《愤怒的公牛》主人公极端中心却没磨灭人物间对话可能性的高妙。其他还不错。
552,一般吧，没啥特别的
553,3.5。所谓价值观的问题完全是空穴来风，探讨父夺女志的行为应该放在合适的语境下。就当代印度社会而言，很多女性无法通过自我觉醒来改变自身的命运，才会需要借助那一点点看似自私的燎原之火——正所谓“破立”，有破才有立。电影本身技法非常成熟，制作工整流畅，懂得在合适的时刻撩拨观众的情绪。
554,63/100 个体对抗体制的一次热血的碰撞，但胜利的个体一方最终还是依靠升国旗奏国歌来实现个人价值，还真有点讽刺的味道。电影中的父权表现可能是一种崇尚宗教的变相表达，毕竟宗教总是理想父母的升华。另外，完全不含蓄的剪辑、摄影甚至表演确实看着不累，但也仅此而已了。
555,你们摸着良心说，有那么好看吗？
556,印度电影导演首先是一个MV导演，这片子的歌舞部分剪辑的都不错，也没太传统式的脱离环境的唱跳，印度电影越来越跟国际接轨，这是大趋势。两个多小时的片长还是不够俭省，看的有点累，剧情衔接也确实俗套，但好在印度人拍电影的精气神特别足，这点很鲜明，而且在笑点的控制上很克制，总体来说很成熟了
557,今天吃饭的时候就跟人在聊这电影。。。因为期待高，所以就不觉得好看了。我记得当时在看的时候我最揪心的点是：就让教练对一次吧，就让她爸错一次吧，我不想看喜剧的冲突，我想看人性的冲突。
558,。。。。。。
559,我觉得体育励志类电影早已进入必须解构的时代，所以特别喜欢《挑战星期天》《狐狸猎手》《乒乓》——核心是赢或输意味着什么。如果是：为国家、信念、种族、性别而战，很难跳出窠臼的。三星半
560,一个中规中矩的励志片，对摔跤多了一些了解。看完还挺想学打架的。
561,电影没啥可说的，娱乐和文化特色都到位，扎实。可能故事本身太传奇性了，有些地方反而显得生硬不自然以及明显煽情，比如14岁结婚女孩的一段话导致的转折，比如爱国似乎一直停留在嘴上，比如爸爸谋生方式的不明和突然成为全国冠军经济问题就解决了，那当初爸爸也是全国冠军啊。。。还有教练全错。。。
562,还行吧，不如飞鹰艾迪。还有就是这个片都他妈扯上女权的你们他妈逼的是有多自卑多看不起自己，你自己不把自己当人，指望谁把你当人
563,在北美补上，和去年的《湄公河行动》一样，是一部燃了大众却没能燃我的片子。不知是不是摔跤运动不比拳击，受挫后反击的力量弱了些，也就对电影发展的节奏步调推动力一般。即便它基于真实事件且滋长于印度这片“受伤的文明”土壤。
564,就那么一个创意，被大家吹得玄而又玄。片中充斥着毫无意义的枪战。看的过程中惟一的惊喜就是CCTV了。
565,一点也没有悬疑 剧情一般 结尾十分老套 
566,今敏大人啊~~您的点子被电影化，感觉好像科教片……
567,没感觉多好看，你们接着炒吧
568,说了一个小时的废话以后，这片子才真正开始，然后紧接着就是一通没头没脑的乱打，有点儿有意思的东西也都被飞来飞去的汽车撞没了。它其实采用了最保守最罗唆的一种正叙方式，生怕大家看不明白。
569,这故事也忒烂了
570,能让人叫好的谜语一定是比较好猜的那种。只有这样受众才会产生对自己智力的陶醉。就是一个基于真实和虚幻的循环结构设定加点动作片元素而已，没有其他任何东西了。一部没有什么意思的娱乐片。
571,这片子我不打分，这片子把观众的潜意识里面的装B形象勾引出来然后展现的淋漓尽致 
572,HK iSquare。再过个10年的样子，应该就和The Shawshank Redemption一样，变成一部经典的鸡肋片。素质不低，但剪辑太碎，节奏也太仓促，结构的扭转还是掩盖不了一个弱剧本。另外实在对那些视诺兰如神明的文青对怀疑者的五毛式口气感到不解....
573,nolan的片一定要有痴情男死老婆么。。我觉得这片真的一般，部分情节拖沓，nolan的片总是看似很高科技，等琢磨清楚了觉得bug也挺多。小李为什么发育成了这样。
574,创意很棒，就知道这是个大套套小套的故事，和诺兰早期那个短片《Doodlebug》一样。抛开创意，其实本质很简单，就是《Doodlebug》的2010升级版，加入了《骗中骗》《穆赫兰道》《禁闭岛》等修改补丁。不过如果是“老婆回到真实世界，小李自始至终还在梦中？”的话我就喜欢这片子了
575,梦中梦，分不清现实与梦境，如果心有执念那么梦里梦外更难分辨。
576,Norlan废了
577,立片基础是sci-fi梦的控制，所以如果要是认真的逻辑探讨你就输了。高射炮打蚊子的剧情设计，故弄玄虚的各条线，强大的CG，神来一笔的配乐，众多让人一见倾心的大配小配。最后40分钟拖沓无比，全片需要全神贯注。btw男主你还要继续减肥，卡在小巷内一段我差点不厚道的笑噎过去
578,可不可以老搞开放性结局啊？让陀螺倒下很难吗？？
579,看到最后感觉自己都出现幻觉了
580,跟莉莉在南京看的，很好懂啊，有什么可分析的
581,看不懂
582,庄周梦蝶而已，之上只有好莱坞，不如期望。说来Nolan不知道是不是中国哲学的爱好者，他的精湛短片doodlebug虽然只有三分钟，但比这片子的哲理丰富多了。
583,依旧对诺兰不感冒，没有什么新鲜的，关键是没有观点，爱情重要？梦境重要？真实重要？看不到清晰的观点，结果便不那么重要，于是到底是真是假也失去了意义。
584,我觉得很普通啊。不就是开放式结局嘛，新鲜在何处？诺兰的《盗梦空间》和《黑暗骑士》都没让我感到一丝震撼。
585,对这种玩弄技巧，过于匠心的片子向来不感冒啊。虽然情节编织的够复杂，但那种引发纯粹冲动的悬念感又有多少？况且，偌兰极力在每一层梦空间里营造的大片感觉，在每一层里打打杀杀，不过是看上去增添了惯常的大片气氛。此片未能让我目瞪口呆，就如同《阿凡达》与《哈利波特》，看上去够华丽而已。
586,某种原因我只能给三星
587,讲真看不太懂，没法给高评分
588,时隔七年再刷，深觉无趣。
589,感觉很神幻，真的挺好的，让人很容易入情
590,"算是有半部好片 ~ ! 前半部的入夢 , 分析 , 再入夢等惰節密集得來處理得亦算流暢 . 但後半部則好像除了要貫徹電影的主旨之餘 , 還要照顧科幻動作片迷的囗味 , 因而顯得有點力有不棣 ~ !但整體其實已是Nolan暫時最好的荷里活大製作 ~ ! ★★★半 ~ ! "
591,很难懂，得慢慢看。剧情有点拖沓……
592,想象力很丰富，还有三层梦境？！！!
593,"在我的心目中,它一直都是最被高估的电影。"
594,点在哪？浅白的励志片诶
595,好看但这么高的分有点假了吧，如果和越狱比起来，还是越狱好看些！
596,"该影视简介由豆瓣网专职人员撰写或者由影片官方提供，版权属于豆瓣网，未经许可不得转载或使用整体或任何部分的内容。

20世纪40年代末，小有成就的青年银行家安迪（蒂姆·罗宾斯 Tim Robbins 饰）因涉嫌杀害妻子及她的情人而锒铛入狱。在这座名为肖申克的监狱内，希望"
597,剧本有问题。
598,我心中的结局：就在老爷爷被勒令搬进养老院的第二天，来接他的人发现老爷爷静静地坐在椅子上，手中拿着还没充完的气球。他已经死了，脸上留着幸福的笑容。飞屋冒险只是老爷爷死前的幻境。至此影片结束。
599,前面几分钟就让人落泪，后面却越来越不靠谱
600,皮克斯第一次，让我觉得，比较没劲
601,我曾跟朋友说，无法想象能有什么可以让我放弃到处流浪的自由。而现在我想，自己之所以会这么认为，也许是因为还没有遇见真正美好的感情。如果有一天，有一个与我有着深刻牵绊的人出现在我的生活里，也许我也会像后来的Ellie一样，心甘情愿地慢慢飘落下来，在那个人身边落地生根，与那个人一起长成两棵并肩的树。
602,"""It might sound boring,but I think the boring stuff is the stuff I remember the most."""
603,只能算半部好片，前十五分钟满分都不过分。流于俗套的夺宝和追逐桥段尚可理解，但折腾了一圈最后落到孩子和宠物上……实在太俗了……飞屋的魅力没怎么展现嘛，后半段人物性格自相矛盾处颇多，对探险家精神的处理相当草率。
604,前十一分钟迪士尼为我们讲述了一对夫妻从相知相识相爱到分别的故事，很温馨。之后老人的回忆房子要被拆迁，老人当起了钉子户，后被政府强制送到养老院，老人便决定用气球带着房屋环游世界，去实现对老伴的承诺，和一个为了获得协助长者勋章的小朋友一起探险的故事。
605,"前半部非常精彩，后半部过于老套。

影片让我喜欢的地方，还是两位老人之间的爱情——这基本是前半部的剧情。"
606,"我在想,难道那些在IMDB上给满分的人都是冲着3D效果吗"
607,岁数大了粗去玩儿最怕那把老骨头吃不住。
608,失望
609,有人说梦想的实现不在乎早晚，有人说梦想只有在梦中实现。
610,"虽然说是渐入佳境的电影,但我只能说我不适合动画片。"
611,无感
612,后半段情节过于夸张了
613,我觉得一般嘛   纯粹为了 省空间  因为剧情不是很出彩  我怕以后忘记 mark一下
614,本以为是黑马，没想到这才是国庆档最“讨巧”的电影，当看到陈可辛+许宏宇大概就能猜到风格会是轻喜剧+快节奏，只是这次口号喊得更加响亮，但创业艰辛的展现以及人物性格的成长远不如《中国合伙人》，成功原来是如此的理想主义，这不就是在给年轻人喂鸡汤吗？尤其是从李佳琦出场后关于成功的展现，也因为前期的完成度不足而变得只剩“燃”，但没有“魂”。当然这也不能怪创作者，影片本身的属性限制了他们的发挥。从某种程度上来说，把它当成《我和我的家乡》中发挥比较平稳的一个单元就好了，不用期待过高。三位主演表现的都很夸张和用力。
615,彭昱畅与尹昉抢刘昊然最后发现三个人在一起更好的擦边腐故事。摄影与剪辑养眼俏皮，烘得前面新鲜有趣，但从中段成功开始故事就跟特效一样浮，起鸡皮的口号甚至都觉得要为难乡民了。电影非常“讨好”，塑料一样的成功学结合所谓大势，越理想化越功利浮躁。全片能被感动到的地方，还是老婆婆在“回忆”以前的集市，还有失去的丈夫，但情绪马上会被支付宝冲散。
616,"土气扶贫题材本身不够吸引人是一，节奏零碎是二，演员演技一般是三，图个搞笑看一看就算了。
演技：彭昱畅>>>刘昊然、尹昉，刘昊然演技这么久都没进步我也是没想到"
617,太成功 太纯洁 太正了 一个香港导演乐此不疲地带着团队在内地拍满分高考作文 我觉得金像金马金鸡都不足以评价陈可辛的成就 必须100000个高中校长联名送锦旗才行
618,很偷懒敷衍的剧作，哪怕是富N代在创业之路上多少都会遇到些阻碍得去克服吧，结果主角三个农民几乎是想做什么就轻松实现，一切难题迎刃而解。既然没有矛盾那就没有冲突，没有冲突就没有任何故事可言了。虽然第三幕又让三人来了次类似于《合伙人》的大撕逼，但脆弱的情绪调动（主要也是人物都没立起来）让人感觉这种情节设置也只是在走过场。其实片中提出的某些拷问非常犀利能够戳中每个辛苦打拼奋斗过的人，但是越细想越是心痛，因为成片的质量真的配不上它的壮志。
619,很规整，没惊喜也不算差，笑点和高光基本都被彭昱畅承包，漫画和特效的呈现方式我实在get不到。
620,家乡和姜子牙满座，阴差阳错看了这部的点映，彭彭算是整部的亮点，继夺冠之后持续get到彭彭身上的黄渤气质。昊然弟弟油腻的感觉是怎么回事？希望是昊然弟弟演出来的！
621,是那种玩出来的电影，因为整个拍摄过程确实比较仓促，会有不少小遗憾，故事也会太顺了。好在一群年轻人的状态很好，大家玩的都非常尽兴，能在影片中感受到他们更自由的状态。属于比较轻松的一个片子。
622,低配版“中国合伙人”，角色有趣演得也好，看上去很励志但细品后发现成功还是靠“外挂”。没办法，命题作文底子只能这样了，说不好听的就是口号嘹亮、纸上谈兵。但许宏宇是真的厉害，就这么一个故事给拍得有滋有味，用最擅长的剪辑把气氛哄起来、把节奏调的飞快。掩饰故事先天不足，会飞的猪与《喜欢你》里的会说话的河豚简直异曲同工。PS，靠改变种植扭转生活？墨西哥玉米农告诉各位，这条路他们30年前就走过了，您猜最后怎么着？
623,虽然最后一帮返乡快递员自报家门让我有一丢丢感动，但瞬间魂穿《八佰》的撞梗还是让我立刻清醒过来！#彭昱畅真的很适合演外表嘻嘻哈哈，但内心还要藏事的角色，是不错的#
624,前半段真棒，笑料大多都是镜头和剪辑带出来的，这才是喜剧电影的正常水平呀，单是那段恐怖段落就值得称赞。而且这片没有为了歌颂政策而设计一堆工具人，是真的在讲人和家乡。（我爱彭昱畅！
625,"“刘昊然，你到底囤了多少电影”看到预告时，在这片子条目下留下了这么句话。当时是欣喜的，谁不想能在银幕上多看到自己墙头的面孔，但在我和我的家乡就意识到没必要。拜托多接点扎实的片子吧，有点挑剧本的眼光吧，扔到老戏骨堆中磨炼去吧，别接男主戏了，多少年了演技想不想提升了。

回归正题。
很普通的故事，但作为喜剧，笑点却大多拙劣，还有本该用来映射现实的梦境部分，然因5毛特效褪去了升华效果不说，反而显得片子很没有诚意。胜在立意吧，鼓励年轻人回村创业，脱困扶贫，顺带宣传了一波中国云南的咖啡，若是能让观众对咖啡产地和咖啡质量有所改观，不再执着于进口，也算功德一件。"
626,Ｄ / 剪辑思路依然超群，包括局部的灵巧碎片编织，也包括有些重要情节点的时序转换。但是，按照高配版《我和我的家乡》（除了宁浩）的模式确实注定拍不好这个题材。《喜欢你》还是在相对裁剪了较多社会语境的前提下专注于二人情感的刻画，由此不疾不徐地引出阶级与品味区隔的暧昧关系。但《一点》则不得不过快过急地涉足更多复杂得多的经济发展甚至地缘政治论题，一个个抛出却又只能全数塞回那个欣欣然的框架中。或者换个角度看，在明快清新的气氛之下，它展现出了比《夺冠》高超得多的意识形态和稀泥技能（狗头）。然而到头来，依然只有那句“在北京你留不下一个脚印”显得格外真实。
627,剧作太头重脚轻，所有笔墨都用在构建这三个“可爱”人物以及他们社会困局，但成功太轻而易举，在主旋律商业片中，困局不需要解决，只需要眼花缭乱一顿轻快剪辑+配乐。这足够讨喜也相当狡猾。
628,3.5；演员非常讨喜（彭昱畅真是太可爱了），拉高不少好感度；节奏明快，笑点与感人点掐得较准，很会结合时事抓热点，用Coffee or Tea指代两代人的观念差异、运营方式/创业眼界的改变。过于明丽高亮的色彩倒也契合类似某种滤镜，将乡村合伙人之路涂抹修饰得如新农村建设宣传片，类型片模式下又一次成功学口号的胜利——可能这才是正确/合适的过节观影打开方式？
629,"陈可辛监制，彭昱畅主演，所以应该叫《中国合伙人之向往的生活》。
本质上是一部成人童话，一部鸡血式的励志片。
优点在于节奏好，轻快，招人喜欢。
但对照现实看，太假了。
有人说，假不怕，电影不就是造梦的吗？
电影造梦不假，但它造梦的方式又是很现实的。说白了，是用可能的方式完成了不可能的梦。
听起来有点不可能哈，但你细看那些好的造梦电影，都是这样的。
回到这部电影来，最大问题就是全片没有危机。
这个梦从头到尾没有遭遇真正破灭的危险。
是选择600万卖掉，还是选择继续自己干，这也算危机吗？
这是在两个都不错的选择里，撒娇式地挣扎。
而刘昊然回到北京，自己幡然醒悟又回云南的过程，也十分草率。
总之就是成功太容易，困难太少，逃避了很多现实问题。
这样当然看着爽，但爽只是爽，不是好。"
630,剧本是弱项，但导演对影像的把控和三位演员的表演太加分了，给当下的国产电影增添了难得的元气。所谓“秀兵”，就是“秀才遇见兵”吧。签合同之后，剧作在“容易的事情和正确的事情”之间选择了前者。秀才（现代、咖啡）对兵（传统、普洱）的改革远远没到位。刘昊然“黑化”后又回去，这一笔，即顺从主流的妥协。就像那咖啡，非要加个前缀。
631,懂得包装的电影，插入了视效和音乐让电影支离破碎的剧情变得里琅满目，剧本中其实暗含不错的因素，人物身上的情感线和事业线的结合，对于成功的认识，还有谭卓那一番谈分工的大的主题背景，但最后的收尾实在是太功亏一篑，无论在人物和主题思考都讲得一般。刘昊然的台词有点差，尹昉不少戏都演得像晓明，彭昱畅虽然有塑造痕迹，但他还是最好的。个人还有觉得纳闷的是，这类题材导演都喜欢把家乡的视角放到这么小的村子，其实夹杂中间的四线甚至三线城镇很少被表现，他们的人文不会像村子（祭神和集市）含量这么高了，论发达也还在中下游，那这样的家乡主题该如何表现呢，所以我觉得可能共鸣还得要从这里面去找，不是地域，是由地域塑造的你。
632,国庆档的一缕清风，散装青春合伙人，喜剧桥段很无厘头，创业故事略显夸张仓促，土味造型把三个弟弟的颜值带走了，失败的只是事，不是人，看完你会记住这句话，以及真的很想喝普洱咖啡（片名真的不是对家起的吗？一点不抓人一点没帮助
633,建議豆瓣出個3.5🌟的功能.
634,剧本是弱项，但导演对影像的把控和三位演员的表演太加分了，给当下的国产电影增添了难得的元气。所谓“秀兵”，就是“秀才遇见兵”吧。签合同之后，剧作在“容易的事情和正确的事情”之间选择了前者。秀才（现代、咖啡）对兵（传统、普洱）的改革远远没到位。刘昊然“黑化”后又回去，这一笔，即顺从主流的妥协。就像那咖啡，非要加个前缀。
635,懂得包装的电影，插入了视效和音乐让电影支离破碎的剧情变得里琅满目，剧本中其实暗含不错的因素，人物身上的情感线和事业线的结合，对于成功的认识，还有谭卓那一番谈分工的大的主题背景，但最后的收尾实在是太功亏一篑，无论在人物和主题思考都讲得一般。刘昊然的台词有点差，尹昉不少戏都演得像晓明，彭昱畅虽然有塑造痕迹，但他还是最好的。个人还有觉得纳闷的是，这类题材导演都喜欢把家乡的视角放到这么小的村子，其实夹杂中间的四线甚至三线城镇很少被表现，他们的人文不会像村子（祭神和集市）含量这么高了，论发达也还在中下游，那这样的家乡主题该如何表现呢，所以我觉得可能共鸣还得要从这里面去找，不是地域，是由地域塑造的你。
636,国庆档的一缕清风，散装青春合伙人，喜剧桥段很无厘头，创业故事略显夸张仓促，土味造型把三个弟弟的颜值带走了，失败的只是事，不是人，看完你会记住这句话，以及真的很想喝普洱咖啡（片名真的不是对家起的吗？一点不抓人一点没帮助
637,建議豆瓣出個3.5🌟的功能.
638,节奏明快，神清气爽，口号喊得很正的一部鸡汤片，祝它发挥自己的功效。
639,云南人看这个真的有点尴尬，小粒咖啡我们种了快一百年了吧？我小学的时候小粒咖啡就出口到日韩欧美了，人家都很认可，不会说什么“中国的咖啡也叫咖啡吗？”之类的疯话，那时候顶多是觉得农民自己烘咖啡豆的技术不行。后来星巴克、雀巢、麦氏都在云南买小粒咖啡，然后在片子里莫名就树立成坑中国人灭中国种咖啡的大反派了，这……你为了吹扶贫也不能这么拍吧？多给一星给尹昉，弥补了《新世界》给我造成的心理阴影，另外劝彭彭不要再刻意模仿黄渤了，原来的你挺好的。
640,有能力的导演随便拍拍就比那些个人强。
641,两天连看了两场电影，《夺冠》是期待太大，未免失望，这部小成本主旋律喜剧确是惊喜，很多有趣的奇思妙想让90分钟好不乏味，等手机可以看了，也许我会再看一遍。
642,能把浮夸喜剧做到可爱已经不容易，但遗憾的是电影的气质一直在廉价成功学鸡汤和日系脱力喜剧间摇摆，没能花时间好好打磨。尤其到三人吵架高潮戏开始是什么灾难剪辑，完全放弃起承转合进入2倍速播放了，白白可惜了forever young。
643,命题作文拍成这样挺可爱的。只是群演们实在演的太好了，三个主演反而游离于电影之外。彭昱畅尹昉两个本地人显得像个异乡人，模仿得了口音模仿不了魂。刘昊然向阳花体质也不像一个从风口跌落无数次的投机者，更像是唐探的一次下乡扶贫。不是三人演的不好，而是在真正的本地人衬托下脱节了。
644,7 后面还行，再多给点时间徐宏宇应该能剪的更好一点。。
645,这怕不是改的某个小品剧本，不过心意倒是好的
646,3星半。国庆档观感最轻松节奏最轻快的电影。1.本片最大亮点就是把一个非常土的创业主题拍得年轻时尚又俏皮。2.每一首原声和配乐都好听，有一种莫名的朝气和热带气息。3.创业之外还带了点父子羁绊的主题，比例拿捏尚可。4.剧情还是太顺理成章了，创业中遇到的挫折基本都充当了“工具人”角色，并不算现实，说好听点是乐观，说难听点是浮在半空。5.“所有的出发都是为了回家”。
647,70/100，这才是真正的《我和我的家乡》，良好的节奏把握是核心，人物、几条叙事线至少是完整的。类型语言甚至超现实段落的融合与高速剪辑都算得上亮点，大量Blue Hour的摄影也挺好，一部商业片，做到这样就是完全合格甚至优秀的，至少我不排斥像这样的音乐录像带风格。
648,主题蹭了扶贫，但本质上是成功学。
649,整一部下沉讨巧版《中国合伙人》，看是能看，尬的也不少。好玩的是，主题刚好切了隔壁同档期的“我和我的家乡”。相较之下《喜欢你》更顺畅，许宏宇这种“不切实际流”还是适用于幻想系爱情故事。这几位主演都算是内地较有特色的青年男演员了，希望他们多在文艺片里磨磨刀。
650,3.5，缺乏真实支撑的创业故事，怎么看都会显得鸡汤。借由角色之口，还说出来了很多成功学性质的话语，最有意思的是调侃《中国合伙人》和哈利波特。但是很喜欢三个演员，互相都有CP性，我是他们三的群体CP粉，简称群P粉，三人拉手睡，甚至还有彭彭吃醋的画面～尹昉在夜色里的侧颜，也太帅了吧！
651,卡司+许宏宇，交出这样的成品实在有点说不过去。最大问题在本子，像是个匠气十足的模范例文，还是十年前的那种，以至于摄影和剪辑那点俏皮趣味都被时不时的煽情mv冲散得七零八落。倒也不是说煽情不好，可惜全都没在点子上，难得有些动容的地方也好似怕观众被虐哗啦一下子就翻了篇。P.S.不想着怎么讨好观众，而是稳稳当当地讲一个「回」的故事多好。
652,跟处女作《喜欢你》的优点一样，许导演的节奏感真的很好，剪辑风格也轻快；缺点也一样，就是剧本撑不起来，前半程故事讲得很舒服，后半程突然来个戏剧冲突（本片是收购谈崩友谊破裂，处女作是厨师换人爱情破裂）把故事冲垮了。另外，对于两片同样把现实理想化的设定，在《喜欢你》里“亿万富翁与普通女孩相爱”是可以接受的，在本片里“创业之路一帆风顺一笔带过”却是难以接受的。总之，两片剧本都先天不足，能靠导演和表演把戏撑到及格，实属不易。
653,及格的轻喜剧电影，搞笑的部分不算出彩，正能量的部分不算尴尬，平平淡淡地结束了。无功无过，考虑到是导演处女作，很值得鼓励。拜托刘昊然不要再演这种智力优越的天才小少年，看得累了。
654,观摩了点映，总体感受是高于预期一些的（从打分看可见预期本也不高）。切入主题前更多是在安置笑点，通过彭刘二位的角色反差制造喜剧感，方式不见得高明但梗并不低俗，而且貌似蛮有效果（“貌似”是因为我没怎么没笑，但身边的人好像都笑得不轻，是他们的问题还是我的问题，我更倾向于后者）；切入主题后随着尹的加入，则正式进入“上价值送温情”时间，亲情友情家乡等等。我不是刘的粉丝，但他却总能赢得我的好感，这可能是他自身的魅力所在，只是千万不要让他演绎严肃戏码，他真的不太会。
655,半部《中国合伙人》。虽然结尾左右互搏，但跳切式的快摇和幽默的调度仍有主旋律解毒之效。
656,前半部还不错 后半部有点尬
657,一大碗鸡汤
658,笑点高能招笑，看得很来劲
659,比预想强一点，但笑点尬鸡汤齁，强行国民荣誉感国民自尊心，都要立一个“星雀”的假想敌来实现。以及三个人吵架的高潮戏，麻烦台词跟台词之间逻辑理顺一点行不行？跟情侣之间无理取闹似的，我看着都干着急，想说能过过不能过赶紧离！最后，强行卖腐不能忍。两星半。【以及，真的，流量演员的路人好感早晚让粉丝给败光。
660,艾怡良的歌之后没啥可看的了……
661,很一般
662,鬼灵精怪是真的 创业这么easy是假的
663,阿里的宣传片吧。中国合伙人第二季？平平无奇，冲突来的莫名其妙
664,非常一般 创业题材也能拍的这么平庸无趣缩减到三十分钟并入电影我和我的家乡 说不定更好呢
665,设定太像王宝强跟徐铮了，我看的时候全程在想要是王宝强很徐峥来演会好看很多，刘昊然太年轻太帅了，演这种角色毫无说服力，很出戏，彭昱畅还可以。
666,前半段很棒，搞笑温馨又淳朴，后面直接变成央视财经频道是闹哪样？
667,没有特别触动我，剧情比较清淡，有几个笑点还不错。
668,"全片鸡汤过多，太腻了。矛盾冲突永远离不开钱，而最后也超越了钱，普通励志片的基本套路。

那个咄咄逼人的女人凭这种本事还能坐到那个位置，公司高层都是群傻子吗？艰苦创业精明人，世界公司铁憨憨。"
669,本质和《中国合伙人》一样，是过于讨好的成功学电影，但格局更小，论点更浅。养生朋克，文艺卖钱，小镇青年的阶级跨越，每一个角色、每一个细节都是精准点草。
670,一部一点也不好笑的喜剧片，唯一让我动容的是那句邓布利多老爷子的金句：我们经常在正确和容易的事情之间做选择…
671,整体喜剧故事的欢快度还是可以的，就是那种夸张的“春晚式”表演让人不舒服，不过比家乡那种夸张还好一点。虽然是谈创业，看起来很励志的样子，但其实给人的感觉就是很理想化，创业的艰难简单表现了一下，难以给人完全的信服感。这三个小鲜肉表演还行吧，刘昊然最讨喜，但是演一个历经风浪的创业者看着还是太嫩了。
672,剧情一般，笑点和泪点都差了点意思。昊然弟弟能不能演个好好穿衣服正经帅气的电影啊？别浪费了这张脸！小黑猪很可爱。
673,能听见远山树林的声音...配合手势特别...传教...
674,刘昊然和尹昉选得不好 只有彭昱畅感觉对了 拼贴感严重 导致两首湾湾歌曲主题虽然适合 但就是融不进去 情节一步一步在预料之中 冲突来得是不是有点晚？后期总感觉要结束了 但是又来一个片段 整体不太满意吧 （刘昊然嘴皮子还要努力
675,可能是期望太高，看完真的觉得一般。梦境的部分太出戏了，后面节奏快得有点乱，以及昊然弟弟一演聪明人就变成秦风了。
676,非常难看，成功的如此简单
677,英文名应该改成coffee，tea or 3P？
678,2.5。想起UFO时期那些轻松的中产小品，不同的是，这部先天主旋律的局限，所以最后真的是靠导演的技巧才能出来这样的效果，在商业小品领域，许宏宇未来可期。
679,小女孩跑回家跟母亲说在学校里当着那么多人他想吻我~~~母亲说看来你应该跟他谈谈。换成中国，不堪设想。
680,事实证明，很多人还是喜欢绣花枕头的
681,什么乱七八糟的心动……小孩的幼稚你就以为是爱情了……家庭的温情和励志不就好莱坞的那些老一套嘛。。。。。。。
682,我没砰然也没心动。
683,很纯的故事，也许是太纯了，所以让我喜欢不起来，总让我联想到心灵鸡汤，读者之类的故事，中间有几个小波折，最后是励志的皆大欢喜的结尾。不痛不痒，也看不到新意和发人深省的东西。难道是我心理太阴暗，太挑剔？我宁愿要看血肉模糊的现实。
684,美好清新，容易令人喜欢，片名可以叫《小鹿乱撞地翻动下一页》。评分过高，8分左右可以接受，何至于9.1分....
685,一个暗恋女苦尽甘来的故事，美式罐装心灵鸡汤，看来很多人都喝high了。
686,还可以吧   青梅竹马    不过没有打动我
687,觉得不太好看 为什么分这么高呢
688,真正的幸福是来自内心深处
689,评分这么高的点到底在哪里？
690,故事很简单，罗伯莱纳好像也不接故事复杂的活儿，其实这片子说起来，故事又简单、形式又很PPT，是没什么意思的，但是看的时候心情还算愉悦
691,很清新的电影 两个小孩内心的独白 可以看到美景的梧桐树 
692,细腻柔软清新自然。但是8.9分简直太扯了，大家都疯了吗？
693,评价好高啊为毛我觉得很无聊= =而且这姑娘长得真像我一高中同学看到她我就觉得好悲剧……
694,D＋ / 半醉。男主也太好看了吧8。感觉有些家庭身份什么的完全可以更深入一点。
695,"有的人浅薄，有的人金玉其表败絮其中。有一天 你会遇到一个彩虹般绚烂的人，当你遇到这个人后，会觉得其他人都只是浮云而已。 
　　 
"
696,到底哪里好了=。=
697,傲慢与偏见的故事。
698,这片子打太高不好吧…反正我在low的时候一边看一边哭…
699,3.5。1.与世孤绝的荒岛群像，物竞天择的社会缩影。2.没想到，黄渤真的拍了个“蝇王”式的反乌托邦寓言；无论票房口碑如何，这样的尝试已然足够攒脸。3.那场倒置船戏挺魔幻，有种集体着魔的快感，曾剑的摄影很加分。4.的确，这样一部电影，在华语影坛还不曾出现过同类。
700,黄渤确实是本质山东人了，前半段一门心思搞政治明喻，结果后面还是个“底层屌丝做了一回君临天下的梦，最后一穷二白还能落一不离不弃大美女”的故事啊……
701,1.完成度确实不错，但也只到不错而已。2.从《迷失》化用了不少灵感，彩票、怪声、不想离开小岛，这一切都让人想到那部神剧中几个主角和几个设定的糅合与变形。3.关于人性实验，这种题材本身就是天然人性实验场，不然荒岛求生讲什么？有些部分很闪光，比如黄渤开了大灯，蛊惑人心的戏码，高喊的虚无理想主义能把封闭环境中的人群煽动到何等地步。但很快这样的野心就识时务地自我熄灭了。很多地方都是如此，刚想走向残酷的真实拷问，就戛然而止地返回关于爱情、关于钱财等等这些其实无关痛痒的伪拷问上了。这也怨不得导演，如果真的上演人性实验，我们也就看不到这“一出好戏”了。
702,作为导演，黄渤尚有些稚嫩，尤其是在整体把握上，还是欠些火候。但是，长片导演处女作，去选择这样一个话题，还是挺让人惊喜的。
703,我只能说我不能接受那么简单一个寓言故事竟然拍了两个半小时
704,并没有真正的群戏群像啊，只看到了群……
705,比《动物世界》更“动物世界”，是个《蝇王》似的乌托邦寓言，开局有些“空中楼阁”之上的不切实际和笨拙，直到中后段重构规则、秩序与自然生态的关系后，才逐渐明朗起来，是个辛苦活。彩蛋是完全多余的。挺佩服黄渤处女作敢拍一个这样的题材，有野心是真的。
706,王宝强太太太太太太太聒噪了，分分钟想上去堵住他的嘴！
707,黄渤野心很大，本可躺着大卖，却做了个很危险的片子。一出现代寓言，丝毫都不意外，电影很有力量，看似闹剧却无比现实。就是片长太长，王宝强太吵。
708,这就是把蝇王拍了一遍吧（还没那么写实残酷）黄渤真的很努力，这戏估计拍的没少受罪，其他人也是，张艺兴我甚至都看出一点点演技来了，但是这个不上不下的感觉，真是既没有被娱乐也说不上被教育，只能三星半
709,2.5。解释通货膨胀还挺精彩。其他的桥段构思大部分都能找到不同外国电影的影子，很多该狠该黑的地方都软了，大概是为了照顾总菊的情绪和民众的接受程度。还好不庸俗，作为一个国产喜剧不容易了。舒淇的角色真是越看越烦，毫无存在感的一个微博美女相册集锦
710,困在孤岛上几百天都不死人，这是在拍童话剧吧？作为黄渤的导演处女作还算可以，作为类型片就太可怕了，过犹不及得想喊救命。黄渤演技slay~
711,非常一般，作为喜剧来说全程无笑点，刨掉喜剧这个标签又是一堆的尿点，故事编得特别无聊，逻辑欠缺，说服力也不够，对所谓人性的表现方式特别浅薄。优点是不少分镜的构图很美而且有想象力，黄渤果不其然是摄影爱好者。实在没啥电影看又喜欢黄渤的话可以看看，深海恐惧症患者就别看了。
712,前半部分进入情境的过程太杂乱无序，好像导演还没学会怎样调度群戏的同时给出关键信息量。从开始建立规则变好，极端环境下人物的生存困境和性格转变逻辑清晰层层递进。不过人物功能过于单一，且在即将进入更深刻主题探讨的时候，就转变为金钱与爱情的简单选择展现。当《开心麻花》《爱情公寓》这种三观扭曲无耻抄袭的作品横行的时候，《一出好戏》借鉴《蝇王》的框架并且加入自己的思考，作为处女作有野心。（忍不住又要为另外一出好戏《动物世界》鸣不平。）
713,公司团建和年会上台表演节目都是世界上最可怕的事...
714,3.5；值得鼓励的题材探索，黄渤野心固然很大、创作方向也够明晰大胆，但执行力尚差一口气；努力营建的反乌托邦在皮相上想及小李子的《海滩》，浓缩了人类社会勾心斗角的历史与叵测的人性欲望伸张，群体内部几度内讧、几度“称王”，甚至让我联想到《阿基尔，上帝的愤怒》，但主线时常被煽情说教的冗长台词、无法自制的闹腾向心力给打乱，还要为纯爱圆梦，最终导致力有不逮。
715,格局太大 想讲的东西太多 感觉更适合拍成话剧 可能是处女作通病 太长太拖【艺兴可真惨 被一路坑修车划船干活挨揍啃鱼 小绵羊变狐狸也没捞到钱
716,D＋/ 命题上的宏大野心与其说是复原社会进化，不如说是当代金钱等级法则在历史中的一次幽灵潜行。其社会批判意义在第三段阶段与彩蛋中达到巅峰，承接了《驴得水》的现当代历史描摹，形塑出特殊而又恰切的畸形盛景与“革命”遗迹。然而尽管有如此架构支撑，本片依然示范了主题先行＋粗暴人性论会如何在方法论与视野上限制一部作品。全片多是巧合与荒诞而欠人物无共情，尤其是后半段为了推动转折所暴露出的破绽十分致命。在剧作的完成度上和《驴得水》完全不在同一水平线。有几处运镜的设计的确是有心且亮眼的，但整体还是凌乱琐碎。尽管缺陷颇多，个人还是希望电影市场能多一些《一出好戏》而非《西虹市首富》。
717,完全是按照《蝇王》的路数来的，属于比较高级的那种喜剧，不恶搞，重讽刺，寓言化。人物塑造有些弱，完全是按照功能进行分配，但这本也是“一出戏”，并无需深究。整体剧情如果能往更黑暗的方向上走，就更好了。
718,黄渤的导演处女作能看出受宁浩和管虎挺大影响，也能看出他自身的经历和视野。充满文艺中年的自恋，没有西方同类电影的现实感，流落到荒岛关注的依旧全是人事，怼天对地，最终的落脚点不过还是男女二人。这大概也算中国特色的荒岛了吧。戏剧冲突足够，深度和技巧看不出来。
719,这是一出不能简单地用好坏来形容的戏，看似荒诞却无比现实，渤哥历史吃得透，人性摸得准，水花压得稳，可以说是非常走心了，但是五毛特效还是有点没眼看，宝强演技碾压全场，张艺兴是惊喜
720,立意的确有想当的野心与勇气，但是越到后程越感觉乏力，着力点全落在了尴尬的爱情戏上。而这个寓言可以延伸的那些方向，一个也没能走远
721,黄渤老师，懂黑场，很节制。关爱北极熊加一星
722,一出好戏，一场意外，一场考验，几段人生，可惜人生不是戏。
723,以后有舒淇的电影能不能拜托给她找个配音演员啊？！这口音听着就反胃。
724,摄影指导在尽全力拯救黄渤的审美。
725,屎想变冰激凌，需要同历灾难（重新洗牌）、天降资源（天降暴鱼群或者中彩票），智囊团组队、看准时机等待机会、再进一步托拉斯化垄断市场。可见阶层跃迁之难和马太效应之铁律。黄渤看来学过经济学。7
726,本来可以拍出一个瞒天过海、杀人灭口、人性崩塌、文明土崩瓦解、遮羞布下兽性爆裂的反乌托邦恐怖片，每每细思极恐的地方，黄渤都悬崖勒马了，强行导向一个风平浪静的结局。看吧，现实有时比荒诞更荒诞，讽喻之处才像锦绣上遗落的针，那么扎手和刺眼。
727,新导演的通病，想表达的太多，留得下的太少。人类总是希望能够用三言两语来描述文明进化史，乍一看觉得很厉害的样子，但细究下去还是一团浆糊，政治经济乌托邦人类文明梦想与反梦想，基本没有一个是真正立得住脚的，就像一开始那个陨石坠落这种蹩脚的设定一样。。。当然，可看性还算不错，倒转镜头也不错。
728,荒岛困境下的人性试炼场，荒诞浓缩版的人类文明史。黄渤处女作能拍到这个程度，着实不简单。对荒岛困境题材感兴趣的人推荐观看1953年的老电影《安纳塔汉》，该片根据历史上真实发生过的“安纳塔汉岛事件”改编，黄渤拍此片应该也受过该事件的启发。
729,黄渤王宝强我都挺喜欢的，所以及格分吧
730,"以为要去看纯喜剧来着猝不及防看了一个现代寓言啊真是没想到=_,=…，黄渤第一次就导演这种片子真的很意外了，想表达的东西是看出来了，但是片子并不太好看啊就是… 要说表达人性转变么也太温吞了，这扔荒岛上一个月早死了一大半了，哪还这么多人瞎咋呼半年的？和舒淇的感情线超级尬并且这个角色不应该选舒淇来演，一开口太出戏…   不过国产片这种类型的太少，慢慢进步吧"
731,只能说一声诚意可嘉。
732,看得出，努力（过)了。
733,3.5左右，偏小于3.5.前半部是《蝇王》，后半部是《地下》。整体框架是这两部经典电影，然后往里加枝节。黄渤没有选择喜剧类型作为他的第一部导演作品倒是有点意外，副导演看来是出大价钱找了厉害角色，总之一看就是熟练工。黄渤有野心，但最终还是要考虑投资和市场，不敢排成黑暗解决，否则作为他的第一部导演作品，还真能石破天惊一下啊。可惜了，真的只就在外面蹭了蹭，没进去。
734,荒岛求生，演员都很好，除了舒淇比较违合。剧情很好，简单但不失哲理。
735,编剧很多，但感觉这个剧本，还是给写串了。要想往生存寓言的路子上靠，必然会涉及残酷黑暗，但那些有关爱情、逆袭、大团圆之类的商业考虑，把剧本的深度和力度又给消解了，所以整体效果就是这般不痛不痒，中规中矩，作为导演的黄渤，个人愿意给他及格分，但也不会再抱什么期待。事实上，最失败的角色也是黄渤的这个小人物，一个生活中的失意者，善良的卢丝，有狠过，却最终过不了自己这一关。这样的人设虽然省事，但在影片中的反转更多是借靠编剧的一厢情愿，实际上并没有什么说服力。作为演员的黄渤，这次也被王宝强比下去了，后者那个角色虽然还是二得有点楞，但起码在“狠”上有了点突破。而黄渤走的路子，倒有点像刘德华了，不是演得不用心，而是总有些固有标签没甩干净。最后说说舒淇，这大概是她在近年银幕上最美的一次，可见摄影还是很重要。
736,演员跨界的不少，但处女作就如此惊艳的屈指可数。
737,极限挑战番外篇：风景胜地，荒诞的情节设定，与世隔绝，重新定义交易规则，明星老总放下身段，与百姓一起合作，开始时要为利益尔虞我诈，绝望时要有从天而降的希望，最后要体现友谊（爱情）超越一切。如果孙红雷扮演张总就完美了。总体感觉借用真人秀的资源和设定，有点偷懒，本质上无话可说。
738,一座没有叛舰喋血的皮特凯恩岛，一汪没有火之战大逃杀的太平洋。看得出想传达关于人类最初文明进阶的野心观念，包括劳动分工带来的阶层出现，以及剩多少人才能维系人类文明。可是表达方式和节奏都非常尴尬，一些本可带给观众的深邃思考被一点不好笑的胡闹充斥替代，更不用说从资源到形象等丝毫不做考虑和设计的基础细节。直至结尾才出现那么一点黄渤几年前《杀生》的荒诞性。
739,开头多语新闻播报的口音都没实感，专家发言也不行，还有个春晚小品式上海口音普通话的马屁精，灾难场景不说了，心想也许只是设定浮夸点，说不定后面正戏能看。。结果就是不能看，从人设到台词到演技到三观，没一分钟能看，我只坚持了一小时，后面能好起来的可能性估计也不会比中六千万更高了。。黄渤看起来智商挺高一人，是不是故意的。。（不太愿意相信自己眼瞎
740,若非真人秀，人性早奸杀掳掠了，哪里等得到一次次机械降神？新手都喜欢搞“人性寓言”，殊不知“人性寓言”为了寓言大多无法直面人性。
741,格局是有了，太多细节经不起推敲。既然经不起推敲，那搞再多解读都没用。
742,黄渤没有取舍，想表达的东西太多了，所以前后两段是割裂的，前面是一个还算可以的社会学故事，后面就彻底飞了。爱情戏写得蛮烂，舒淇那个角色的台词和存在感都很尬。那场鱼雨是对《木兰花》里青蛙雨的致敬吗= =
743,野心很大，但实现得也不错，是一出寓言。不过长了些，女性角色可以再无用些吗？
744,没有影像风格，这可能是黄渤要想成为一个好电影导演最需要克服的困难；张艺兴的角色转折太硬；觉得黄渤真心喜欢舒淇，舒淇的角色没有太大难度；整个片子符号的意识太强，人的意识比较弱，可以理解，但是并不太好；黄渤有个神奇的体质就是不招黑，他认真地想一些乱七八糟的，你也还挺喜欢他的认真劲儿
745,优缺点都太明显，于是平庸。极好的主题和故事，讲的却蹩脚。许多桥段设计的刻意，或目的性明显，失了细节与嚼头。还有不少多余的意象段落，不仅拖节奏，表意也失格。最关键的是人物状态不对，动机也欠缺说服力。包括细节的粗糙，一些明显的逻辑漏洞情节，光线和调色等技术手段都跟末日求生不够契合，透着别扭的轻松明快。这是综艺感的原因。所以它只能是一出戏，而无法让人真正代入。这不是寓言故事特意的间离，而是作者缺失对风格的把控。第三幕还明显疲软了。纵有可圈可点之处，更多的还是遗憾。一些哏还是能看出点黄渤的迷影情怀，有些地方又真的很像Lost。
746,这种大起大落的感觉真的是太刺激了，既让我看到人性扭曲丑陋的一面，也让我看到团结奋斗的力量！
747,太杂太满了，新导演们能不能克制下，合理安排（舒淇绝壁是黄渤夹私货
748,扑面而来的八九十年代感。人物关系、角色设定、观念对白、剧情发展都旧旧的，基本是概念化的，好像刚爱上文史哲要在作品里实践的大学生。如果是话剧，舞美设计有很大空间，做好了应该很好看。电影就拍得实在不怎么样，几乎没有美感。另外我就纳闷了，有志男导演就这么爱舒淇吗？个个都用，都不太搭。
749,3.5，缺点当然很多，个人觉得最大的问题是，片子有意无意吸纳了太多韩国电影那种自虐一样的躁狂症倾向，导致不少地方有些失控，但黄渤恐怕是少有的如此有野心和表达欲的半路导演，构建的寓言体系也难度极大，值得鼓励
750,汇聚了行业的一线主创，完成度上自然非常高，但问题在于黄渤想要讲的太多了，故事的精彩程度其实是会因为类型的强硬转换和衔接而下降的，以至于后半段精神病人的部分我一直在看手表，剧情结尾也没有什么力量，只期待电影快些结束。3.5
751,你这尬致敬2001太空漫游，又玩什么末日荒岛求生，展示人在极端境遇下充满欲望的动物世界，勉强三星，后2012?不过特效是真不错。
752,黄渤王宝强真的是实力派啊。给渤哥打call，第一部导演作品还是挺好看的，期待后续更多好作品。
753,前半部很精彩。从大家团结起来拜马进这里开始整段垮掉，进入到“主角在爱情的感召下打败看似牛x实则无脑（人都黑化成这样了还要带马进走是图啥）的大反派拯救全人类——全岛上的人类”的超级英雄正能量老套路里去，把前半部经营的蝇王全毁干净。那段“真的假的”的高潮戏，因为前面的垮掉，只剩好笑。编和导对角色是不能代入太深的，大家都想当英雄，但还是要看环境跟条件。
754,舒淇戏路已经窄到没出口了。。。全程出戏想着园子温的东京吸血鬼酒店
755,这部电影告诉我们，公司不要没事儿搞团建，搞团建促进不了团结。
756,刚看完，作为黄渤的导演处女作很有诚意了，但是这样一个实则老生常谈的寓言故事拍两个小时未免太冗长了，尤其是前半部分，此处应有剪刀手啊
757,女主的选角差到匪夷所思的地步，每次感觉要被带入戏里，小女孩一说话，立刻被酸得牙倒了。戏外比戏里精彩得多
758,抓人那段，突然黑屏了，一开始我以为是故意的，后来放映员进来道歉，说放映事故了不好意思，正在调整。旁边阿姨说：我还以为崔干事进来了。
759,是好看的，但不知为何我找不到合理的情感附着点。当深刻被不合时宜的幽默给消解，当控诉被一腔热血的情怀所遮蔽，当时代退到银幕背后只留下一道道清晰的划痕，当记忆被风沙掩埋只剩下模糊不清的轮廓。到最后，看到的只有三个处境相似但又各有不同的个体，在一个满目疮痍的年代，拧巴地彼此伤害又互相取暖，而头顶上方悬着的那颗红日，晒得人睁不开眼，也没有人敢抬头看。一秒钟能记录什么？电影又能承载什么？虽有遗憾却也无意苛责，毕竟现实内外，这部片子都做出了最好的注解。
760,我只能用陈词滥调来形容啊，故事简单过度煽情，虽然知道张译在执着什么，可人物仍然是空洞的。
761,这个故事具备成为好电影的可能性，这种小格局的故事也非常符合当下艺术电影的主流，编剧技巧在一些重头戏上还是有过重的痕迹，像张译放着两步路不自己送胶片盒，偏要把盒子交给小女孩那种设计，编剧在技巧、人设和剧作节奏上的考量是没有问题的，但片中类似于这种技巧的设计感太强，还是会片子稍微匠气了点，故事感多了点。这种脱胎于《陆犯焉识》的故事，应该是张艺谋自己发自内心想要拍的东西，可惜在审查面前，男主角的人物背景被彻底架空，剩下的也只有时代符号和电影情怀了，初心在哪里，力度却全没了，这是属于我们当下这个时代的悲剧。这不是导演的问题，这都是个人无所控制的了，太可惜了。
762,抱着中国版《天堂电影院》的期待来看的人，一定会大失所望。《一秒钟》是写给一个时代的挽歌，但不是写给电影的情书。三个主角喜欢电影的原因，一个是因为想看女儿，一个是因为想做灯罩，还有一个是因为放电影这份体面的工作。把电影换成书籍和音乐，这个故事依旧可以成立，这使得这部关于电影的电影呈现出一种别扭和错位感，并且这和删减与否没有关系。片中真正热爱电影的人，是积极排队帮忙冲洗胶片、脚踮在人群最外围的自行车上看电影、坐在高高的剧院窗户边沿上看电影、以及在剧院里跟着唱电影主题曲的普通群众，他们才是影迷世界里最动人的片羽吉光。
763,明白在当下拍一部这样的电影有多难，也见证了莫名其妙的压力和变故，但即便怀着某种电影外的尊重和期待去看，即便自己脑补没有删除女儿的死，即便真的结束在黑屏的那一瞬，这电影也没有那种真正击中人心的力量。导演想用“小”切口反应大灾难的做法没有成功，张九声奔逃出来看一眼女儿生前影像的执着，留下的是演技而没有共情，刘闺女想要夺胶片的动机和张九声看电影的动机，没有彼此作用着让情绪上升，而是一直彼此消解的。那个孩子的眼神和动作都难以令人信服，她不属于那个时代，她眼神里没有内化的恐惧和混沌。张艺谋把个人对电影、胶片和特殊年代灾难史的记忆混在一起，该拷问的和该抒情的彼此拽了对方的后腿。
764,吹过了
765,片子没思想、故事说不通、人物演不出、哎，视听语言很平庸。国师的准确定位是一位极优秀的摄影师，胶片风中沙的美具有时空的艺术穿透力，但是电影没有，最拉垮的仍然是故事与表演层面，故事无深度少趣味依靠牺牲故事逻辑的煽情走戏，人物演不出应有的时代感与贴合现实的人性纹理（导演占多半责任），只有范伟出现的段落才让人看得过瘾。说特烂又真犯不上，七十年代的物理空间与时代氛围的复原非常棒，画面称得上赏心悦目。单从艺术的角度来讲片子是极度缺乏生命力的，只有在那两个羊角辫花棉袄的美丽刘闺女出现时，才能真正让大家感受到张艺谋的内心，那是带着绝绝对对地，真情实意的。
766,"无论《山楂树》《归来》还是这部，最让我不喜欢的一点是，都讲得太直白了，甚至不如《影》之复杂。编剧技巧过于匠气，是它们失去灵气的原因之一。经过分析，我觉得，被剥离了时代背景，才是导致这些故事变得直白的主要原因。在创作中，当人物被剥离了环境，无非也就那么点赤裸裸的事儿：少年的纯爱、夫妻的坚贞和父女的羁绊。

对于明显被审查造成问题的电影，我是绝对不会体谅的：他追忆他所经历的那个时代，已经被审/查抹去了；而我正在经历的，是一个审/查泛滥的时代，我不可能假装一切都没发生，用所谓高分去遮掩审/查的存在。我只有不体谅，才能对他和他的时代表达最好的尊重。"
767,刘闺女有背景？演技这么烂
768,"很遗憾只能给这个版本三星，虽然不知道看不到的那些戏具体长啥样，但能想象传递的情绪是什么。而当前版本给我最直观的感受就是主题分散，电影之神圣/亲情与和解/时代与命运，这三个主题完全没有相辅相成的效果，很多东西感觉都没演完。一个戏里戏外、过去现在遭遇同样命运的电影，莫大讽刺。
当然还是保留了不少优点。男主对女儿一秒钟影像的执念，还有告别那场戏的美好的误解，都非常感人（本以为是美好的欺骗，那样更感人一些）；加上张译也演得极好，从渴求/急躁/狂怒到挣扎/绝望/释然，思绪空白却已泪流满面，心如刀剐却力无所释，层次分明入木三分。
张艺谋的确是返璞归真，拒绝花里胡哨，除了大的幕的转换会有时间的省略，小的剪辑节拍几乎就是按现实时间1:1同步，这样叙事很真实很舒服（在当今社会的阅读速度下尤为珍奇）"
769,最大的感觉就是荒谬，就像在听噪音。上次的《归来》，主角从劳改农场逃出来见家人，也是撕心裂肺。上回是失忆的妻子，这回是划伤和弄丢的胶片。那个年代不知道多少人被命运锤得粗野而讷言，精神生活又很荒凉。虽然后来文艺复苏了，但是底子还是薄，所以张艺谋的电影老是让我感觉空。
770,不清楚发生“技术问题”之前是什么样子，现在有点荒诞喜剧的范式，不过也许龙标上的版号是[2019]这件事也蛮荒诞的。张译演得真好。
771,残影余像，很适合了，电影里是，电影外也是。范伟太厉害，我觉得他跟张译换着演都行，但张译就不一定能演好范伟的角色。
772,可能是张艺谋对第五代导演创作史的一次集中回溯和缅怀：茫茫沙漠中人物与天地的构图关系来源于《一个和八个》《黄土地》，张九声和刘闺女你追我赶的叙事逻辑来源于《边走边唱》《一个都不能少》，阶级身份差异及群像互害的政治背景来源于《霸王别姬》《活着》，张译刘浩存直拧扭捏的表演方式来源于《红高粱》《我的父亲母亲》……最值得玩味的并不是被删减的角色前史和强行补拍的煽情结尾，而是银幕上上演的反人性电影《英雄儿女》与银幕下两个时代牺牲品的讽刺对比——当盲从的群众在向一个扭曲的宣传品进行精神朝圣时，他们对于真正发生在身边的迫害和诬陷却置若罔闻，这完全是对“十七年”及“文革”两段错误历史之所以发生的双重映射。伤痕和反思确实是张艺谋这位“黑五类”出身的导演永远迈不过去的一个坎儿，不过就电影本身来说还是拍得平淡了点。
773,"被删减的真相，无限延宕的一秒钟，人生太短，一秒太长。非常可惜未被呈现的部分，才是整出戏的动机源头，因这一切无法说出口的悲情，才是让这位父亲日夜兼程不顾一切反反复复回味此一秒的真正原因，理顺这些逻辑，巨大的感染力才得以发挥。按目前成品看，效果打折是无疑的。

编剧的技巧是有的，但剧作核心冲突重点放在胶片的送和还，且因背景的虚焦，有种人工感，如同某些布景与表演都有失真感。

“夹道欢迎”的胶片如迎圣体，这个意象堪称全片最“惊悚”，可惜并未深入延展下去；幕布上反射的百态人间映照台下千篇一律崇敬的仰望脸孔，一个被定制的群体，“电影创造了一个空间，在这里观众遭遇现实。”

被沙尘掩埋的胶片，如在时光中蒙尘的记忆。可以选择删去或隐埋，但不会选择遗忘或原谅。"
774,2.5 / 开头搭建了不错的框架，“表演”的虚构性作交互内核绝对是可以足够充实的推进方式，胶片的交付/遗失也恰恰证明了这种试图将影像与现实叠合的可能。但问题是之后就完全僵住了，人物的塑造与关系推动完全只靠剧本直接给出的情节（甚至多是掩不住的巧合），演员的表演也愈发将这种叙事中蕴藏的情动与自身剥离开来（“我在表演”四个大字）。《红高粱》之后三十多年，张艺谋依然掉在这种文本是文本影像是影像最终只有文本叠加影像/影像翻译文本的尴尬里，依然只能把历史元素处理为干瘪的时代标志物，依然不凭靠某种与观众共享的预设就没法叙事没法塑造人物，依然只拍得出粗暴的观点而匮乏于论证的内容（恐怕愈发靠拢王小帅），也已经没什么多余的力气再作解读或批评了。（或许《大红灯笼高高挂》是一个美丽的意外吧）
775,上映前大概对电影有个预测，“上限《山楂树》”，果不其然猜对了。作为一部有历史纪实意义的电影，既没有对社会现实的反映，又对人物性格刻画不深，不可谓不失败。但话又说回来，这个责任不能全部归咎于张艺谋，再想看到国师八九十年代的辉煌着实不大可能，其实何止他，我们所有人都回不到那个年代了（毕竟时光不会倒流）。
776,"为了赢得《陆犯焉识》同人文创作大赛的胜利。
在继《归来》后，张艺谋再次创作了《一秒钟》。
从影迷的角度来说，大家齐心协力修复胶片，还有张译看到女儿流泪的镜头，十分让人动容。"
777,可能是张艺谋对第五代导演创作史的一次集中回溯和缅怀：茫茫沙漠中人物与天地的构图关系来源于《一个和八个》《黄土地》，张九声和刘闺女你追我赶的叙事逻辑来源于《边走边唱》《一个都不能少》，阶级身份差异及群像互害的政治背景来源于《霸王别姬》《活着》，张译刘浩存直拧扭捏的表演方式来源于《红高粱》《我的父亲母亲》……最值得玩味的并不是被删减的角色前史和强行补拍的煽情结尾，而是银幕上上演的反人性电影《英雄儿女》与银幕下两个时代牺牲品的讽刺对比——当盲从的群众在向一个扭曲的宣传品进行精神朝圣时，他们对于真正发生在身边的迫害和诬陷却置若罔闻，这完全是对“十七年”及“文革”两段错误历史之所以发生的双重映射。伤痕和反思确实是张艺谋这位“黑五类”出身的导演永远迈不过去的一个坎儿，不过就电影本身来说还是拍得平淡了点。
778,"被删减的真相，无限延宕的一秒钟，人生太短，一秒太长。非常可惜未被呈现的部分，才是整出戏的动机源头，因这一切无法说出口的悲情，才是让这位父亲日夜兼程不顾一切反反复复回味此一秒的真正原因，理顺这些逻辑，巨大的感染力才得以发挥。按目前成品看，效果打折是无疑的。

编剧的技巧是有的，但剧作核心冲突重点放在胶片的送和还，且因背景的虚焦，有种人工感，如同某些布景与表演都有失真感。

“夹道欢迎”的胶片如迎圣体，这个意象堪称全片最“惊悚”，可惜并未深入延展下去；幕布上反射的百态人间映照台下千篇一律崇敬的仰望脸孔，一个被定制的群体，“电影创造了一个空间，在这里观众遭遇现实。”

被沙尘掩埋的胶片，如在时光中蒙尘的记忆。可以选择删去或隐埋，但不会选择遗忘或原谅。"
779,2.5 / 开头搭建了不错的框架，“表演”的虚构性作交互内核绝对是可以足够充实的推进方式，胶片的交付/遗失也恰恰证明了这种试图将影像与现实叠合的可能。但问题是之后就完全僵住了，人物的塑造与关系推动完全只靠剧本直接给出的情节（甚至多是掩不住的巧合），演员的表演也愈发将这种叙事中蕴藏的情动与自身剥离开来（“我在表演”四个大字）。《红高粱》之后三十多年，张艺谋依然掉在这种文本是文本影像是影像最终只有文本叠加影像/影像翻译文本的尴尬里，依然只能把历史元素处理为干瘪的时代标志物，依然不凭靠某种与观众共享的预设就没法叙事没法塑造人物，依然只拍得出粗暴的观点而匮乏于论证的内容（恐怕愈发靠拢王小帅），也已经没什么多余的力气再作解读或批评了。（或许《大红灯笼高高挂》是一个美丽的意外吧）
780,上映前大概对电影有个预测，“上限《山楂树》”，果不其然猜对了。作为一部有历史纪实意义的电影，既没有对社会现实的反映，又对人物性格刻画不深，不可谓不失败。但话又说回来，这个责任不能全部归咎于张艺谋，再想看到国师八九十年代的辉煌着实不大可能，其实何止他，我们所有人都回不到那个年代了（毕竟时光不会倒流）。
781,"为了赢得《陆犯焉识》同人文创作大赛的胜利。
在继《归来》后，张艺谋再次创作了《一秒钟》。
从影迷的角度来说，大家齐心协力修复胶片，还有张译看到女儿流泪的镜头，十分让人动容。"
782,意思不大。可供玩味之处不在影像本体，而在虚构情节与现实境遇的互文之中：对“技术原因”的率先发明和预见性的控诉，以及张译-范伟（导演-权力机构）的二元象征，令人错愕地恰如其分。远看《无人区》被禁，近看《八佰》被撤，详加对照之下，能意识到删改固然伤筋动骨，但不会彻底撼动电影的气质。既然张艺谋坦言“不想写政治，只想讲故事”，那么遮掩的背景与动机，势必影响到观众对人物情感的代入，在这一点上倒不如同样取材自《陆犯焉识》的《归来》。该如何切入这部被宣传为“情书”的电影？剔除公路、动作抑或科教的类型元素，直击人心的反倒不是张译看到女儿的泪如雨下，而是黑场前那两格胶片于滚滚黄沙中被抛弃、被践踏、被掩埋的悲愤。但又想到《牯岭街》结尾小猫王的磁带被弃置一幕，这暴戾能否比起上杨德昌的克制呢？至于刘浩存，灵气欠奉。
783,我其实可以理解导演的创作意图，对于一个时代的侧面构画和对于电影的情怀，但我单纯的不喜欢这个故事，也不喜欢两个主角。我能理解他们在这个背景下的难处，但就是不喜欢男主角因为对方是个小女孩就任由她诬陷，有什么话都不说清楚；也不喜欢女主角做坏事理直气壮的样子，即便她有苦衷。这两个人在我的雷点上反复跳舞，烦得我别的都看不进去了。
784,「缺席」的死亡，让那「一秒钟」显得不那么珍贵，让最后被掩埋消逝的「一秒钟」显得不那么痛彻心扉。
785,周五就看过这片了，一直迟迟没有动笔，刚刚才想通：虽然张艺谋为影片设置了大量解读的空间，但我却失去了解读的欲望。对影片的前提——失去了女儿的劳改犯父亲越狱去看宣传片中的女儿最后一秒，我隐隐地感到不适。看完这一秒，会发生什么？所有人都能想到：劳改犯将被抓回农场，等待“拨乱反正”。谁害了他又害了他女儿？好像没有谁，只能怪“时代”，总之是说不清。六年前我还能给《归来》四星，但从去年起我的怒槽已经爆表，攻击欲越来越强，侵略性越来越强，现在回过头再看这种悲悲戚戚的伤痕文学，无感了。
786,两年后张译在沙中试图寻找那一秒钟的胶片的时候，全场观众哄堂大笑。可是在笑什么呢？这不是最悲哀的一幕吗？一个人就这么消失在世上，连一秒钟的底片也被时代的沙尘淹没，所以到底在笑什么？这么努力的拍电影到底是为什么呢？为了让你笑吗？
787,刘浩存和弟弟演得好差好差好差啊！最后那个镜头差点以为要和张译终成眷属了？！😡😡
788,尽管这不行那不行的是挺烦人的，但这年头的趋势是动不动让审批成为背锅侠也很累，像是一部电影本身制作的问题、投资、市场什么的问题，现在都找到了一个万能的借口——电影菊，像是经过回炉删改的片就拥有了天然的“好片”功勋章；评论里的删减对比看后，扪心自问，哪怕这些情节都在，本片水准会有质的飞越吗？！再扪心自问一次，和风雨云开头一段的背景对影片的根本作用一样，本片是否只能在该特定的时代背景下才能成立？！真的别再老是转移目标了，请把目光回归到对电影本身优劣的判断吧；本片描绘的此类人与人之间偶然的情缘，非常纤细、微妙的，是难度极高的类型，需要很强功力方可达到触动心弦的境界，本片的表现尚有距离；再以及，也别再总是给电影情书了，先把范师傅的临别礼物换成24格再说
789,除了片源，还有些不足道的细节让我很膈应…作为一个持有山艺1级证书（也就是看地图这事我拿过证书…）的摄影师，路人指路说往东走后，张译脸上的阳光一会在左一会在右，我就…你往西走干嘛！？往东啊！没听过一部拉萨朝圣的电影叫《太阳总在左边》吗？然后张译把卷好的第22本放进片盒里的时候也是…片头要贴胶布固定啊！你方向放反了放映员不好拿啊！…诸如此类……但张艺谋调教演员真的是一流。除了两位男主，刘浩存也很打动我…心疼这位演员一秒钟。还有就是，摄影比起黄土地和红高粱，landscape总觉得小气了很多……最后，可能这三位角色没有一个真是爱电影的……我佛了
790,两年前看过剧本，所以最后关键情节的删减和结尾很明显的补拍，就变得难以忍受，即便大家可以解读出各种深意，但伤害就是伤害，遗憾就永远留在那了。有人觉得能看到就万幸要啥自行车，有人觉得这么多限制吃饱撑的干啥还拍，不管怎样吧，未来回望，《一秒钟》都是这个收紧时代一个避不开的注脚。
791,这个版本给删减的都不连戏了，人物之间的关系和构进也缺乏说服力，电影的主题明明明朗却要被密不透风，困在沙漠文化里的欲渴，大时代背景下的人文，个体流露出的悲剧色彩，影像与胶片的互文，都满富仪式感和符号性，如果提前交代了男主劳改和女儿牵连致死背景的政治成因，观众的感知和共情一定强烈过双倍，当然当女儿的影像出现在大荧幕上，张译泪眼婆娑的时刻，观众也大概知晓了那些不可言说的痛处，故事里全藏着隐忍，时代还原的都是寓言，见过太多的讳莫如深，也就不难理解内里的克制，越是轻描淡写，越是波涛汹涌，命运的颠沛流离，见证时代的荒唐悲哀。★★★☆
792,"本雅明认为，电影的复制破坏了艺术作品的“灵光”，《一秒钟》则是反其道而行之的一次媒介考古学，目的在于重建电影神学，以及关于媒介的想象，影像与放映机的蓝色是科幻影片之中常见的，关于“未来”的色调，旧式的放映机被重新表述为未来，同样，我们可以称之为蒸汽朋克。
被破坏的胶片在“水”——来自大地，并且被再次蒸馏的神秘原质之中复活，然而银幕又是一个开放的空间，银幕之外的一切都能加入其中，《一秒钟》的媒介意识总是游走在“纯洁”与“不纯”之间，唯一可以确定的是，只要银幕被挂起，日常空间转化为剧场空间，在这个“场域”之中，上演的一切都是神圣的。
——然而，《一秒钟》的胶片效果自身却是由数字技术模拟而来的幻象，当数字影片特有的掉帧如同“刺点”般闯入“胶片”之时，观者或将从梦中苏醒，陷入一种多重持留的并置之中。"
793,“狗日的能看一夜” 作为物权客体的胶片远不及作为知识产权客体的胶片动人，尘土飞扬的礼堂里，观众举起孩子、篮球和自行车，以便投射放大的光影在幕布上，这一段太深情了——明白了吗？艺术就是生命，戕害艺术就是戕害生命，戕害艺术的也终将戕害生命，从生到死的全部，不过是胶片对抗黄沙，可惜总是多情胶片无情沙。英雄儿女结尾处，崔干事也看哭了；可是第二天上路，他妈的保卫处，还是一秒钟也不会给你留。“国师犹如此，旁人何以堪” ps放到“二年后”，影厅突然开灯，直到字幕都通明，好像放映员在提醒大家：这部分不算电影。
794,米袋是女儿的清洗液，只有争才能洗掉污点。胶片是时代的记忆符，只有看才能留下印记。清洗液抹掉一代人的智力，我只能捏住一截胶片管它叫女儿。他们用床单抬起影像的棺柩，用扇子拂去时代的尘土，欢呼着电影可以放了，坐在台下参与我女儿一秒钟的葬礼。历史里每个渺小的人，都在电影里获得放大的时刻。
795,真无聊，忍住给两星的冲动勉强给个及格分。★★★
796,3星半。“技术原因”可能是本片加分项。1.题材真挺敏感，女主像福原爱。2.表演和场景话剧感很重。3.从主角到配角，一个比一个讨人嫌，略影响我代入感情。4.导演想表达很多，作为电影人对胶片电影的情怀，作为观众对那个年代的追忆，以及一个父亲深沉的爱，但总感觉缺少了致命一击，和删减无关。5.导演说本片是他写给电影的情书。如果处理成《雨果》《天堂电影院》 ，效果也许更好，这部不是情书，因为太多血泪。6.有人批评某些部门“没有勇气面对历史”，那也请有些人不要利用历史制造对立。
797,老谋子一旦回归文艺类型的创作范畴，其质量毫无疑问是有保障的。加上他擅长营造强戏剧张力，以及在美术和视觉风格上的造诣，市场反馈和话题度自然非常抢眼。犹记得小时候跟着家长们一起去隔壁的村子看露天电影，夜晚徒步十几里地，第一次看的就是《英雄儿女》，那种冲击力至今记忆犹新，仿佛打开新世界的大门。长大后经过DVD和盗版资源的洗礼，才发现银幕才是电影最终的归宿，只有在那个黑暗的空间中，电影才真正成为发光的艺术。它不仅能带来舒适的观感，更像是一个造梦的黑匣子，可以去到世界的任何地方，可以阅览各种各样人和故事，情感体验被放大，细节更加丰富，而这正是电影神奇的地方，用最短的时间带来无数个精神颤动的时刻。
798,前不着村后不着店的恶劣环境，保卫科和劳改农场的威胁恐惧，片子拉到电影院即将放映却被脑子烧坏了的人损毁因为技术原因无法放映，紧急抢救完毕依然划痕太多失了原貌，最珍贵的两格被黄沙掩埋永世难寻，放映员问英雄儿女们“看电影该学好怎么还打架”。正片与简报放映顺序对调，简报担当正片地位；“两年后”一出亦成简单的“向上汇报”，但正片在那之前一秒钟已经结束。像角色般血泪控诉艺术和意志的身不由己但近乎无声无力，正如电影本身的艺术能量早被夺走大半。它说的不只是过去和现在，而是从过去到现在这惨状从未断过。可悲可叹只剩那胶片编成的灯罩，在精神荒漠中映射太阳光辉，在现实黑暗中笼住一抹光亮。7/10
799,看完才知道删改的是什么，也才更理解男主的行为和表现……外形过于现代的刘姐弟俩灾难级表演了。拿哭戏来说，姐姐如水龙头一拧就流，但眼睛里看不出情感，脸上没有表情变化，从正片到片尾哭起来都一个样儿；弟弟干打雷不下雨，活脱闹矫情的熊孩子，但有时又让我误以为人设是有精神创伤的智障儿童。
800,张译和刘闺女的冲突都很为了冲突而冲突，你俩搁那儿内耗啥呢。最后刘闺女捡了个寂寞那里好评，全篇唯一有艺术性的地方。结尾明显为了过审加的就不予置评。刘浩存有啥独特性吗？没有。的确是张艺谋近年来最好的故事片，但问题也在这里：最好的…就这？
801,3.5  电影与时代的互文。没有必要去解读任何所谓的隐喻，因为它们本来就是彼此互为表里的。任何电影都是某种程度的纪录片，因为故事片身上也会不可避免地带上时代的痕迹。表演的败笔太多，本来还能更好，范伟和刘浩存的身上竟然出现了春晚小品感。而这些败笔和场外的审查刀斧，正是这个时代的痕迹，在这个意义上，它回顾了那个时代，也纪录了这个时代。
802,在知道刪減之後，只抱著4星的期待，卻只落得3星的現實。不考慮刪減造成的時代背景缺失，喜劇元素和整部電影氣質的脫節，劉存浩稚嫩的表演撐不起女主角的複雜遭遇，結尾多此一舉的兩年後劇情不僅斷了無奈無望無助的情緒，更沒有新的複雜情緒產生作為彌補，作為一部張藝謀電影來說，遠不應止於此。
803,我觉得剧情有点墨迹，女主的口音也很别扭，还以为是关晓彤。看删减前版本的介绍确实会比院线版好一些，但也强不了太多。根本原因就是太磨叽了，想说又不敢说，看着累。文革这个题材如果不能直白地拍，那怎么也拍不好。我也很理解张艺谋那代人，哪怕已经是国师身份了，依然要耿耿于怀地拍这个题材，因为没人有资格劝他们大度。
804,从小在一个被周围农村环抱的三线厂长大，工厂里也有一个《一秒钟》里这种用来开会放电影的礼堂，条件要比这个农场礼堂好很多，但对电影的向往和沉浸是一样的，所以对这部电影的共鸣很多。这是张艺谋的天堂电影院，也是那个严酷时代的一个避风港，这里有电影能带给人的一切。那个反复放映的《新闻简报》片段，就跟《天堂电影院》中的接吻集锦一样动人，不过那里面托托对着银幕泪流满面，这里张译被围捕殴打，很残酷的反讽。也许有被删减的缘故，觉得有些东西还是没有说透，有情怀但缺了格局。
805,感谢#盗梦观影团#可以提前看到这部电影。终于可以放了，但估计永远也看不到2019柏林那一版了。公映版某一处的缺失如果没有提前补课的话还蛮影响情绪的把握的，映后交流真的是有人没看明白。整体而言是一个很简单的故事，拍的也没那么煽情，平平淡淡吧。最喜欢的还是（真）结尾，缺失的遗憾，但被在乎的人深深地保留着。
806,看得我如坐针毡。所有人物冲突都是故意起冲突，所有桥段都是小品桥段，靠“不把话说明白”来推进剧情，突然就跑，突然就追，突然就打，突然就哭，闹腾一通再坐下来给你娓娓道我的苦衷。整体感受就是和故事基调格格不入，从卡车上认女儿然后讲小品开始，或者更早。
807,发条橙。
808,有点没意思。
809,张译想留下的是亲人的两帧画面，刘浩存以为张译想留下的是一张写满官话的废报纸。这带着辛酸与讽刺的一幕简直像张艺谋对后文革时期中国的一个写照——老一辈的人希望后来者从过去学到并保留下来的东西与后来者真正自以为学到并保留下来的根本不是一个东西，而其间那些真正有价值的东西都已经掩埋在洼地的风沙中无影无踪了。
810,感觉怪怪的，说好不好，说差不差。说到底，还是一部私人情感输出的电影，所有人物的举动都是因为个人情感因素引发的，都是真正的小情，想用小情引起大爱的共鸣，但没有做到，所有人物的形象都是单一的，仿佛也就只有这一种情感。胶片这个物的作用，在我看来没有发挥好。但张艺谋这次还是努力讲故事了，虽然没讲好。
